id,region,prefecture,commune,canton,pharmacie_nom,pharmacie_type,pharmacie_secteur,ouverture,annee,id_service,keyword,geometry_name,geometry_type,geometry_coordinates0,geometry_coordinates1,pharma_id,statut,created_at,updated_at
2,Plateaux,Kloto,"Kloto 1",Agome-Kpalime,"Pharmacie Lavoisier","Officine de pharmacie",Prive,"{Lundi,Mardi,Mercredi,Jeudi,Vendredi,Samedi}",Nsp,,,geometry,Point,0.63188364,6.90989239,_mview_sant_pharmacies.fid-7111a9c0_193dca6021d_3313,1,"2025-07-23 16:19:24","2025-07-23 16:19:24"
4,Plateaux,Kloto,"Kloto 1",Agome-Kpalime,"Pharmacie la Persévérance","Officine de pharmacie",Prive,"{Lundi,Mardi,Mercredi,Jeudi,Vendredi,Samedi}",1998,,,geometry,Point,0.63357746,6.91427431,_mview_sant_pharmacies.fid-7111a9c0_193dca6021d_3315,1,"2025-07-23 16:19:24","2025-07-23 16:19:24"
6,Plateaux,Kloto,"Kloto 1",Agome-Kpalime,"Pharmacie Kékéli","Officine de pharmacie",Prive,"{Samedi,Vendredi,Jeudi,Mercredi,Mardi,Lundi}",2019,,,geometry,Point,0.63418036,6.91900286,_mview_sant_pharmacies.fid-7111a9c0_193dca6021d_3318,1,"2025-07-23 16:19:24","2025-07-23 16:19:24"
7,Maritime,Golfe,"Golfe 5",Aflao-Gakli,"Pharmacie du CMS Avopras","Pharmacie de centre de santé",Prive,"{Lundi,Mardi,Mercredi,Jeudi,Vendredi,Samedi}",2013,,,geometry,Point,1.19777812,6.19291224,_mview_sant_pharmacies.fid-7111a9c0_193dca6021d_3319,1,"2025-07-23 16:19:24","2025-07-23 16:19:24"
9,Maritime,Golfe,"Golfe 5",Aflao-Gakli,"Pharmacie Vigueur","Officine de pharmacie",Prive,"{Samedi,Vendredi,Jeudi,Mercredi,Mardi,Lundi}",2012,,,geometry,Point,1.20081554,6.19255458,_mview_sant_pharmacies.fid-7111a9c0_193dca6021d_331c,1,"2025-07-23 16:19:24","2025-07-23 16:19:24"
13,Maritime,Golfe,"Golfe 5",Aflao-Gakli,"Pharmacie de la Nation","Officine de pharmacie",Prive,"{Samedi,Vendredi,Jeudi,Mercredi,Mardi,Lundi}",1993,,,geometry,Point,1.19099084,6.19226238,_mview_sant_pharmacies.fid-7111a9c0_193dca6021d_3324,1,"2025-07-23 16:19:24","2025-07-23 16:19:24"
14,Maritime,Agoè-Nyivé,"Agoè-Nyivé 3",Vakpossito,"Pharmacie Arc-en-ciel","Officine de pharmacie",Prive,"{Lundi,Mardi,Mercredi,Jeudi,Vendredi,Samedi}",Nsp,,,geometry,Point,1.16730625,6.21204768,_mview_sant_pharmacies.fid-7111a9c0_193dca6021d_3325,1,"2025-07-23 16:19:24","2025-07-23 16:19:24"
16,Maritime,Golfe,"Golfe 7",Aflao-Sagbado,"Pharmacie la Bonté","Officine de pharmacie",Prive,"{Lundi,Mardi,Mercredi,Jeudi,Vendredi,Samedi}",Nsp,,,geometry,Point,1.15363751,6.18954049,_mview_sant_pharmacies.fid-7111a9c0_193dca6021d_3327,1,"2025-07-23 16:19:24","2025-07-23 16:19:24"
17,Maritime,Golfe,"Golfe 5",Aflao-Gakli,"Pharmacie Betania","Officine de pharmacie",Nsp,Nsp,Nsp,,,geometry,Point,1.18148877,6.19254505,_mview_sant_pharmacies.fid-7111a9c0_193dca6021d_332b,1,"2025-07-23 16:19:24","2025-07-23 16:19:24"
18,Maritime,Golfe,"Golfe 5",Aflao-Gakli,"Pharmacie de la Cité","Officine de pharmacie",Prive,"{Vendredi,Jeudi,Mercredi,Mardi,Lundi,Samedi}",1991,,,geometry,Point,1.189883,6.1712291,_mview_sant_pharmacies.fid-7111a9c0_193dca6021d_332d,1,"2025-07-23 16:19:24","2025-07-23 16:19:24"
28,Plateaux,Agou,"Agou 1",Agou-Akplolo,"Pharmacie Villageoise d'Agou Akplolo","Officine de pharmacie",Prive,Nsp,Nsp,,,geometry,Point,0.76976856,6.88847815,_mview_sant_pharmacies.fid-7111a9c0_193dca6021d_3337,1,"2025-07-23 16:19:25","2025-07-23 16:19:25"
31,Maritime,Golfe,"Golfe 5",Aflao-Gakli,"Pharmacie Apollon","Officine de pharmacie",Prive,"{Lundi,Mardi,Mercredi,Jeudi,Vendredi}",Nsp,,,geometry,Point,1.16689718,6.20258059,_mview_sant_pharmacies.fid-7111a9c0_193dca6021d_333f,1,"2025-07-23 16:19:25","2025-07-23 16:19:25"
37,Plateaux,Kloto,"Kloto 1",Agome-Kpalime,"Pharmacie régionale d'approvisionnement CAMEG Kpalimé","Pharmacie Régionale d'Approvisionnement",Public,"{Samedi,Vendredi,Mercredi,Mardi,Lundi,Jeudi}",N/a,,,geometry,Point,0.62759109,6.91385939,_mview_sant_pharmacies.fid-7111a9c0_193dca6021d_334b,1,"2025-07-23 16:19:25","2025-07-23 16:19:25"
38,Kara,Kozah,"Kozah 1","Commune De Kara","Pharmacie régionale d'approvisionnement CAMEG Kara","Pharmacie Régionale d'Approvisionnement",Public,"{Samedi,Vendredi,Jeudi,Mercredi,Mardi,Lundi}",2002,,,geometry,Point,1.18091367,9.55753736,_mview_sant_pharmacies.fid-7111a9c0_193dca6021d_334c,1,"2025-07-23 16:19:25","2025-07-23 16:19:25"
40,Maritime,Golfe,"Golfe 7",Aflao-Sagbado,"Pharmacie du Centre de Santé Ning Hong","Pharmacie de centre de santé",Prive,"{Lundi,Mardi,Mercredi,Jeudi,Vendredi,Samedi}",2022,,,geometry,Point,1.10857209,6.19198115,_mview_sant_pharmacies.fid-7111a9c0_193dca6021d_334f,1,"2025-07-23 16:19:25","2025-07-23 16:19:25"
41,Savanes,Cinkassé,"Cinkassé 2",Biankouri,"Pharmacie de l'USP Biankouri","Pharmacie de centre de santé",Autre,"{Lundi,Mardi,Mercredi,Jeudi,Vendredi,Samedi}",1980,,,geometry,Point,0.05254353,11.01674991,_mview_sant_pharmacies.fid-7111a9c0_193dca6021d_3350,1,"2025-07-23 16:19:25","2025-07-23 16:19:25"
43,Maritime,Agoè-Nyivé,"Agoè-Nyivé 3",Vakpossito,"Pharmacie El-Shammah","Officine de pharmacie",Prive,"{Samedi,Vendredi,Jeudi,Mercredi,Mardi,Lundi}",2016,,,geometry,Point,1.15986451,6.20910601,_mview_sant_pharmacies.fid-7111a9c0_193dca6021d_3357,1,"2025-07-23 16:19:25","2025-07-23 16:19:25"
49,Kara,Kozah,"Kozah 1","Commune De Kara","Pharmacie Lafia","Officine de pharmacie",Prive,"{Lundi,Mardi,Mercredi,Jeudi,Samedi,Vendredi}",2008,,,geometry,Point,1.19466643,9.54747483,_mview_sant_pharmacies.fid-7111a9c0_193dca6021d_3362,1,"2025-07-23 16:19:25","2025-07-23 16:19:25"
51,Kara,Kozah,"Kozah 1","Commune De Kara","Pharmacie Renaissance","Officine de pharmacie",Prive,"{Mardi,Lundi,Mercredi,Jeudi,Vendredi,Samedi}",2019,,,geometry,Point,1.19653919,9.53896031,_mview_sant_pharmacies.fid-7111a9c0_193dca6021d_336a,1,"2025-07-23 16:19:25","2025-07-23 16:19:25"
52,Plateaux,Haho,"Haho 1",Notsé,"Pharmacie Midjodji","Officine de pharmacie",Prive,"{Lundi,Mardi,Mercredi,Jeudi,Vendredi,Samedi}",2022,,,geometry,Point,1.16535186,6.94866914,_mview_sant_pharmacies.fid-7111a9c0_193dca6021d_336b,1,"2025-07-23 16:19:25","2025-07-23 16:19:25"
56,Maritime,Agoè-Nyivé,"Agoè-Nyivé 3",Vakpossito,"Pharmacie Vita Flore","Officine de pharmacie",Prive,"{Lundi,Mardi,Mercredi,Jeudi,Vendredi,Samedi}",2010,,,geometry,Point,1.16527816,6.22197698,_mview_sant_pharmacies.fid-7111a9c0_193dca6021d_3373,1,"2025-07-23 16:19:25","2025-07-23 16:19:25"
57,Maritime,Golfe,"Golfe 5",Aflao-Gakli,"Pharmacie Jahnap","Officine de pharmacie",Prive,"{Lundi,Mardi,Mercredi,Jeudi,Vendredi}",2002,,,geometry,Point,1.19795583,6.17553441,_mview_sant_pharmacies.fid-7111a9c0_193dca6021d_3374,1,"2025-07-23 16:19:25","2025-07-23 16:19:25"
61,Kara,Kozah,"Kozah 1","Commune De Kara","Pharmacie de la Kozah","Officine de pharmacie",Prive,"{Lundi,Mardi,Mercredi,Jeudi,Vendredi,Samedi}",1994,,,geometry,Point,1.18968817,9.5494563,_mview_sant_pharmacies.fid-7111a9c0_193dca6021d_337c,1,"2025-07-23 16:19:25","2025-07-23 16:19:25"
71,Maritime,Golfe,"Golfe 5",Aflao-Gakli,"Pharmacie Groupe C","Officine de pharmacie",Prive,"{Jeudi,Mercredi,Mardi,Lundi}",2020,,,geometry,Point,1.19527122,6.18813091,_mview_sant_pharmacies.fid-7111a9c0_193dca6021d_3389,1,"2025-07-23 16:19:25","2025-07-23 16:19:25"
76,Maritime,Golfe,"Golfe 5",Aflao-Gakli,"Pharmacie du Point E","Officine de pharmacie",Prive,"{Lundi,Mardi,Mercredi,Jeudi,Vendredi,Samedi}",2007,,,geometry,Point,1.19067962,6.1813131,_mview_sant_pharmacies.fid-7111a9c0_193dca6021d_338f,1,"2025-07-23 16:19:25","2025-07-23 16:19:25"
77,Maritime,Golfe,"Golfe 5",Aflao-Gakli,"Pharmacie Eli-Beraca","Officine de pharmacie",Prive,"{Lundi,Mardi,Mercredi,Jeudi,Vendredi,Samedi}",Nsp,,,geometry,Point,1.17160961,6.18051025,_mview_sant_pharmacies.fid-7111a9c0_193dca6021d_3391,1,"2025-07-23 16:19:25","2025-07-23 16:19:25"
79,Maritime,Golfe,"Golfe 5",Aflao-Gakli,"Pharmacie Mathilda","Officine de pharmacie",Prive,"{Lundi,Mardi,Mercredi,Jeudi,Vendredi,Samedi}",2003,,,geometry,Point,1.2001264,6.18251624,_mview_sant_pharmacies.fid-7111a9c0_193dca6021d_3393,1,"2025-07-23 16:19:25","2025-07-23 16:19:25"
84,Plateaux,Kloto,"Kloto 1",Agome-Kpalime,"Pharmacie de la Gare","Officine de pharmacie",Prive,"{Samedi,Vendredi,Jeudi,Mercredi,Mardi,Lundi}",Nsp,,,geometry,Point,0.63389278,6.90701455,_mview_sant_pharmacies.fid-7111a9c0_193dca6021d_3398,1,"2025-07-23 16:19:25","2025-07-23 16:19:25"
87,Maritime,Golfe,"Golfe 5",Aflao-Gakli,"Pharmacie Ossan","Officine de pharmacie",Prive,"{Lundi,Mardi,Mercredi,Jeudi,Vendredi,Samedi}",Nsp,,,geometry,Point,1.18071409,6.20108854,_mview_sant_pharmacies.fid-7111a9c0_193dca6021d_339d,1,"2025-07-23 16:19:25","2025-07-23 16:19:25"
89,Kara,Kozah,"Kozah 1","Commune De Kara","Pharmacie Kara Centre","Officine de pharmacie",Prive,"{Lundi,Mardi,Mercredi,Jeudi,Vendredi,Samedi}",2002,,,geometry,Point,1.1954583,9.55362113,_mview_sant_pharmacies.fid-7111a9c0_193dca6021d_33a0,1,"2025-07-23 16:19:25","2025-07-23 16:19:25"
93,Centrale,Tchaoudjo,"Tchaoudjo 1","Sokodè (Komah)","Pharmacie Nouvelle","Officine de pharmacie",Prive,"{Lundi,Mardi,Mercredi,Jeudi,Vendredi,Samedi}",1999,,,geometry,Point,1.13613274,8.98675462,_mview_sant_pharmacies.fid-7111a9c0_193dca6021d_33a6,1,"2025-07-23 16:19:25","2025-07-23 16:19:25"
94,Maritime,Golfe,"Golfe 7",Aflao-Sagbado,"Pharmacie Epiphania","Officine de pharmacie",Prive,"{Lundi,Mardi,Mercredi,Jeudi,Vendredi,Samedi}",2009,,,geometry,Point,1.16349636,6.18057881,_mview_sant_pharmacies.fid-7111a9c0_193dca6021d_33a7,1,"2025-07-23 16:19:25","2025-07-23 16:19:25"
99,Maritime,Golfe,"Golfe 5",Aflao-Gakli,"Pharmacie Maina","Officine de pharmacie",Prive,"{Lundi,Mardi,Mercredi,Jeudi,Vendredi,Samedi}",2012,,,geometry,Point,1.17748009,6.19199405,_mview_sant_pharmacies.fid-7111a9c0_193dca6021d_33af,1,"2025-07-23 16:19:25","2025-07-23 16:19:25"
104,Maritime,Golfe,"Golfe 5",Aflao-Gakli,"Pharmacie de la Victoire","Officine de pharmacie",Prive,"{Lundi,Mardi,Mercredi,Jeudi,Vendredi,Samedi}",2015,,,geometry,Point,1.1716595,6.19261488,_mview_sant_pharmacies.fid-7111a9c0_193dca6021d_33b8,1,"2025-07-23 16:19:25","2025-07-23 16:19:25"
105,Maritime,Golfe,"Golfe 7",Aflao-Sagbado,"Pharmacie Hosanna","Officine de pharmacie",Prive,"{Lundi,Mardi,Mercredi,Jeudi,Vendredi,Samedi}",2011,,,geometry,Point,1.13791664,6.19401121,_mview_sant_pharmacies.fid-7111a9c0_193dca6021d_33b9,1,"2025-07-23 16:19:25","2025-07-23 16:19:25"
107,Maritime,Golfe,"Golfe 5",Aflao-Gakli,"Pharmacie de Djidjolé","Officine de pharmacie",Prive,"{Lundi,Mardi,Mercredi,Jeudi,Vendredi,Samedi}",1986,,,geometry,Point,1.19526271,6.18044928,_mview_sant_pharmacies.fid-7111a9c0_193dca6021d_33bb,1,"2025-07-23 16:19:25","2025-07-23 16:19:25"
108,Maritime,Zio,"Zio 1",Abobo,"Pharmacie Ste Marie","Officine de pharmacie",Prive,"{Lundi,Mardi,Mercredi,Jeudi,Vendredi,Samedi}",2021,,,geometry,Point,1.28654489,6.26728452,_mview_sant_pharmacies.fid-7111a9c0_193dca6021d_33bc,1,"2025-07-23 16:19:25","2025-07-23 16:19:25"
109,Maritime,Golfe,"Golfe 7",Aflao-Sagbado,"Pharmacie Siloé","Officine de pharmacie",Prive,"{Lundi,Mardi,Mercredi,Jeudi,Vendredi,Samedi}",Nsp,,,geometry,Point,1.1408377,6.2068447,_mview_sant_pharmacies.fid-7111a9c0_193dca6021d_33bd,1,"2025-07-23 16:19:25","2025-07-23 16:19:25"
110,Kara,Kozah,"Kozah 1","Commune De Kara","Pharmacie de l'Espoir","Officine de pharmacie",Prive,"{Lundi,Mardi,Mercredi,Jeudi,Vendredi,Samedi}",1989,,,geometry,Point,1.18927502,9.54700512,_mview_sant_pharmacies.fid-7111a9c0_193dca6021d_33be,1,"2025-07-23 16:19:25","2025-07-23 16:19:25"
114,Maritime,Golfe,"Golfe 5",Aflao-Gakli,"Pharmacie Besda","Officine de pharmacie",Prive,"{Lundi,Mardi,Mercredi,Jeudi,Vendredi,Samedi}",2009,,,geometry,Point,1.15414135,6.19559656,_mview_sant_pharmacies.fid-7111a9c0_193dca6021d_33c5,1,"2025-07-23 16:19:25","2025-07-23 16:19:25"
115,Plateaux,Danyi,"Danyi 1",Danyi-Atigba,"Pharmacie Kékéli Annexe","Officine de pharmacie",Prive,"{Lundi,Mardi,Mercredi,Jeudi,Vendredi,Samedi}",2021,,,geometry,Point,0.69182593,7.20124849,_mview_sant_pharmacies.fid-7111a9c0_193dca6021d_33c7,1,"2025-07-23 16:19:25","2025-07-23 16:19:25"
117,Savanes,Tône,"Tône 1",Dapaong,"Pharmacie du CMS Source de Vie Divine","Pharmacie de centre de santé",Prive,{Dimanche},2016,,,geometry,Point,0.20700205,10.8721872,_mview_sant_pharmacies.fid-7111a9c0_193dca6021d_33c9,1,"2025-07-23 16:19:25","2025-07-23 16:19:25"
118,Maritime,Golfe,"Golfe 7",Aflao-Sagbado,"Pharmacie Nelly's","Officine de pharmacie",Prive,"{Lundi,Mardi,Mercredi,Jeudi,Vendredi,Samedi}",2021,,,geometry,Point,1.11213251,6.2142547,_mview_sant_pharmacies.fid-7111a9c0_193dca6021d_33cb,1,"2025-07-23 16:19:25","2025-07-23 16:19:25"
120,Savanes,Cinkassé,"Cinkassé 1",Cinkassé,"Pharmacie Lafe Zaka","Officine de pharmacie",Prive,"{Samedi,Vendredi,Jeudi,Mercredi,Mardi,Lundi}",2020,,,geometry,Point,0.02135364,11.10965724,_mview_sant_pharmacies.fid-7111a9c0_193dca6021d_33d0,1,"2025-07-23 16:19:25","2025-07-23 16:19:25"
126,Plateaux,Akébou,"Akébou 1",Kougnohou,"Pharmacie Bon Samaritain","Officine de pharmacie",Prive,"{Lundi,Mardi,Mercredi,Jeudi,Vendredi,Samedi}",2007,,,geometry,Point,0.791105,7.65401757,_mview_sant_pharmacies.fid-7111a9c0_193dca6021d_33d8,1,"2025-07-23 16:19:25","2025-07-23 16:19:25"
127,Savanes,Tandjoaré,"Tandjoaré 1",Bombouaka,"Pharmacie du PMI Bombouaka","Pharmacie de centre de santé",Autre,"{Lundi,Mardi,Mercredi,Jeudi,Vendredi,Samedi}",1940,,,geometry,Point,0.2067566,10.69921913,_mview_sant_pharmacies.fid-7111a9c0_193dca6021d_33d9,1,"2025-07-23 16:19:25","2025-07-23 16:19:25"
128,Maritime,Golfe,"Golfe 5",Aflao-Gakli,"Pharmacie des Écoles","Officine de pharmacie",Prive,"{Lundi,Mardi,Jeudi,Mercredi,Vendredi,Samedi}",2008,,,geometry,Point,1.15836443,6.19199272,_mview_sant_pharmacies.fid-7111a9c0_193dca6021d_33da,1,"2025-07-23 16:19:25","2025-07-23 16:19:25"
130,Maritime,Agoè-Nyivé,"Agoè-Nyivé 3",Vakpossito,"Pharmacie des Roses","Officine de pharmacie",Prive,"{Lundi,Mardi,Mercredi,Jeudi,Vendredi,Samedi}",Nsp,,,geometry,Point,1.16991059,6.22052073,_mview_sant_pharmacies.fid-7111a9c0_193dca6021d_33e1,1,"2025-07-23 16:19:25","2025-07-23 16:19:25"
133,Maritime,Golfe,"Golfe 5",Aflao-Gakli,"Pharmacie Solidarité","Officine de pharmacie",Prive,"{Lundi,Mardi,Mercredi,Vendredi,Jeudi,Samedi}",Nsp,,,geometry,Point,1.18677863,6.196615,_mview_sant_pharmacies.fid-7111a9c0_193dca6021d_33e4,1,"2025-07-23 16:19:25","2025-07-23 16:19:25"
134,Maritime,Agoè-Nyivé,"Agoè-Nyivé 6",Adétikopé,"Pharmacie Regina Pacis","Officine de pharmacie",Prive,"{Lundi,Mardi,Mercredi,Jeudi,Vendredi,Samedi}",2020,,,geometry,Point,1.21706941,6.31924545,_mview_sant_pharmacies.fid-7111a9c0_193dca6021d_33e5,1,"2025-07-23 16:19:25","2025-07-23 16:19:25"
136,Maritime,Golfe,"Golfe 5",Aflao-Gakli,"Pharmacie Adidogomé","Officine de pharmacie",Prive,"{Lundi,Mardi,Mercredi,Jeudi,Vendredi,Samedi}",1997,,,geometry,Point,1.16630776,6.18506829,_mview_sant_pharmacies.fid-7111a9c0_193dca6021d_33e8,1,"2025-07-23 16:19:25","2025-07-23 16:19:25"
138,Maritime,Agoè-Nyivé,"Agoè-Nyivé 4",Togblekope,"Pharmacie Ebema","Officine de pharmacie",Prive,"{Lundi,Mardi,Mercredi,Jeudi,Vendredi,Samedi}",2015,,,geometry,Point,1.20218141,6.26685982,_mview_sant_pharmacies.fid-7111a9c0_193dca6021d_33ea,1,"2025-07-23 16:19:25","2025-07-23 16:19:25"
139,Centrale,Tchaoudjo,"Tchaoudjo 1","Sokodè (Komah)","Pharmacie régionale d'approvisionnement CAMEG Sokodé","Pharmacie Régionale d'Approvisionnement",Public,"{Samedi,Vendredi,Jeudi,Mercredi,Mardi,Lundi}",N/a,,,geometry,Point,1.13809987,8.98473964,_mview_sant_pharmacies.fid-7111a9c0_193dca6021d_33eb,1,"2025-07-23 16:19:25","2025-07-23 16:19:25"
141,Savanes,Tône,"Tône 1",Dapaong,"Pharmacie régionale d'approvisionnement CAMEG Dapaong","Pharmacie Régionale d'Approvisionnement",Public,"{Vendredi,Mercredi,Mardi,Lundi,Jeudi,Samedi}",N/a,,,geometry,Point,0.20295926,10.86309346,_mview_sant_pharmacies.fid-7111a9c0_193dca6021d_33ed,1,"2025-07-23 16:19:25","2025-07-23 16:19:25"
143,Plateaux,Ogou,"Ogou 1",Gnagna,"Pharmacie régionale d'approvisionnement CAMEG Atakpamé","Pharmacie Régionale d'Approvisionnement",Public,"{Samedi,Vendredi,Jeudi,Mercredi,Mardi,Lundi}",N/a,,,geometry,Point,1.1264735,7.53166438,_mview_sant_pharmacies.fid-7111a9c0_193dca6021d_33ef,1,"2025-07-23 16:19:25","2025-07-23 16:19:25"
144,Maritime,Zio,"Zio 1",Tsévié,"Pharmacie régionale d'approvisionnement CAMEG Tsevié","Pharmacie Régionale d'Approvisionnement",Public,"{Samedi,Vendredi,Jeudi,Mercredi,Mardi,Lundi}",N/a,,,geometry,Point,1.22421016,6.43231666,_mview_sant_pharmacies.fid-7111a9c0_193dca6021d_33f0,1,"2025-07-23 16:19:25","2025-07-23 16:19:25"
146,Plateaux,Kloto,"Kloto 1",Agome-Kpalime,"Pharmacie de l'ONG Aide Médicale et Charité","Pharmacie de centre de santé",Prive,"{Lundi,Mardi,Mercredi,Jeudi,Vendredi}",2003,,,geometry,Point,0.64012045,6.91182544,_mview_sant_pharmacies.fid-7111a9c0_193dca6021d_33fb,1,"2025-07-23 16:19:25","2025-07-23 16:19:25"
147,Centrale,Tchaoudjo,"Tchaoudjo 2",Lama-Tessi,"Pharmacie de la Clinique la Solidarite","Pharmacie de centre de santé",Prive,"{Mardi,Mercredi,Jeudi,Vendredi,Samedi,Dimanche}",Nsp,,,geometry,Point,1.07867405,8.83549674,_mview_sant_pharmacies.fid-7111a9c0_193dca6021d_33fe,1,"2025-07-23 16:19:25","2025-07-23 16:19:25"
149,Savanes,Tône,"Tône 1",Dapaong,"Pharmacie de l'USP Tanikagou","Pharmacie de centre de santé",Public,"{Lundi,Mardi,Mercredi,Jeudi,Vendredi}",2014,,,geometry,Point,0.1915221,10.96411642,_mview_sant_pharmacies.fid-7111a9c0_193dca6021d_3403,1,"2025-07-23 16:19:25","2025-07-23 16:19:25"
150,Maritime,Zio,"Zio 1",Abobo,"Pharmacie de l'USP Abobo","Pharmacie de centre de santé",Public,"{Jeudi,Lundi,Mardi,Mercredi,Samedi,Vendredi}",2020,,,geometry,Point,1.37505964,6.24150107,_mview_sant_pharmacies.fid-7111a9c0_193dca6021d_3404,1,"2025-07-23 16:19:25","2025-07-23 16:19:25"
151,Maritime,Agoè-Nyivé,"Agoè-Nyivé 6",Adétikopé,"Pharmacie du Cabinet d'assistance médicale Fidèle","Pharmacie de centre de santé",Prive,"{Jeudi,Lundi,Mardi,Mercredi,Samedi,Vendredi}",Nsp,,,geometry,Point,1.24312455,6.31480937,_mview_sant_pharmacies.fid-7111a9c0_193dca6021d_3405,1,"2025-07-23 16:19:25","2025-07-23 16:19:25"
152,Maritime,Agoè-Nyivé,"Agoè-Nyivé 4",Togblekope,"Pharmacie du CMS Directaid","Pharmacie de centre de santé",Prive,"{Lundi,Mardi,Mercredi,Jeudi,Vendredi}",2000,,,geometry,Point,1.20626671,6.25479662,_mview_sant_pharmacies.fid-7111a9c0_193dca6021d_3407,1,"2025-07-23 16:19:25","2025-07-23 16:19:25"
153,Maritime,Agoè-Nyivé,"Agoè-Nyivé 4",Togblekope,"Pharmacie du Cabinet médical Al Amana","Pharmacie de centre de santé",Prive,"{Dimanche,Samedi,Mercredi,Mardi,Lundi}",2022,,,geometry,Point,1.22639543,6.24814568,_mview_sant_pharmacies.fid-7111a9c0_193dca6021d_3408,1,"2025-07-23 16:19:25","2025-07-23 16:19:25"
154,Plateaux,Anié,"Anié 2",Atchinédji,"Pharmacie de l'USP Foukote-Vossa","Pharmacie de centre de santé",Public,"{Lundi,Mercredi,Jeudi,Vendredi,Samedi,Dimanche}",1995,,,geometry,Point,1.36205518,7.67606422,_mview_sant_pharmacies.fid-7111a9c0_193dca6021d_340a,1,"2025-07-23 16:19:25","2025-07-23 16:19:25"
155,Centrale,Tchaoudjo,"Tchaoudjo 1",Kparataou,"Pharmacie du CMS de Koloware","Pharmacie de centre de santé",Prive,"{Lundi,Mardi,Mercredi,Vendredi,Jeudi,Samedi}",Nsp,,,geometry,Point,1.28887883,8.95479503,_mview_sant_pharmacies.fid-7111a9c0_193dca6021d_3410,1,"2025-07-23 16:19:25","2025-07-23 16:19:25"
156,Maritime,Lacs,"Lacs 3",Agbodrafo,"Pharmacie du CMS Agbodrafo","Pharmacie de centre de santé",Public,"{Lundi,Mardi,Mercredi,Jeudi,Vendredi}",Nsp,,,geometry,Point,1.48097043,6.21170223,_mview_sant_pharmacies.fid-7111a9c0_193dca6021d_3415,1,"2025-07-23 16:19:25","2025-07-23 16:19:25"
157,Plateaux,Ogou,"Ogou 3",Gléi,"Pharmacie du Centre Hospitalier Adventis de Glei","Pharmacie de centre de santé",Prive,"{Lundi,Mardi,Mercredi,Jeudi,Vendredi,Samedi}",1983,,,geometry,Point,1.16979621,7.32867196,_mview_sant_pharmacies.fid-7111a9c0_193dca6021d_3419,1,"2025-07-23 16:19:25","2025-07-23 16:19:25"
158,Maritime,Avé,"Avé 1",Zolo,"Pharmacie du CMS Lolo Vava","Pharmacie de centre de santé",Prive,"{Lundi,Mardi,Mercredi,Jeudi,Vendredi,Samedi}",2021,,,geometry,Point,0.9473514,6.36150713,_mview_sant_pharmacies.fid-7111a9c0_193dca6021d_341b,1,"2025-07-23 16:19:25","2025-07-23 16:19:25"
159,Maritime,Lacs,"Lacs 3",Gbodjomé,"Pharmacie de l'USP Togokomé","Pharmacie de centre de santé",Public,"{Lundi,Mardi,Mercredi,Jeudi,Vendredi}",2016,,,geometry,Point,1.42170366,6.21309331,_mview_sant_pharmacies.fid-7111a9c0_193dca6021d_341e,1,"2025-07-23 16:19:25","2025-07-23 16:19:25"
161,Kara,Kozah,"Kozah 1","Commune De Kara","Pharmacie de la Clinique ATBEF","Pharmacie de centre de santé",Prive,"{Lundi,Mardi,Mercredi,Jeudi,Vendredi,Samedi}",Nsp,,,geometry,Point,1.21503856,9.54496586,_mview_sant_pharmacies.fid-7111a9c0_193dca6021d_3423,1,"2025-07-23 16:19:25","2025-07-23 16:19:25"
162,Savanes,Cinkassé,"Cinkassé 1",Cinkassé,"Pharmacie du CMS la Grace","Pharmacie de centre de santé",Prive,"{Samedi,Vendredi,Jeudi,Mercredi,Mardi,Lundi}",2018,,,geometry,Point,0.02128814,11.09598438,_mview_sant_pharmacies.fid-7111a9c0_193dca6021d_3426,1,"2025-07-23 16:19:25","2025-07-23 16:19:25"
163,Maritime,Agoè-Nyivé,"Agoè-Nyivé 5",Sanguera,"Pharmacie du CMS Grace Plus","Pharmacie de centre de santé",Prive,"{Lundi,Mercredi,Mardi,Jeudi,Vendredi,Samedi}",2019,,,geometry,Point,1.13416367,6.23468917,_mview_sant_pharmacies.fid-7111a9c0_193dca6021d_3427,1,"2025-07-23 16:19:25","2025-07-23 16:19:25"
164,Plateaux,Agou,"Agou 1",Gadja,"Pharmacie de l'USP Gadzagan","Pharmacie de centre de santé",Public,"{Lundi,Mardi,Mercredi,Jeudi,Vendredi,Samedi}",2002,,,geometry,Point,0.76919933,6.82460787,_mview_sant_pharmacies.fid-7111a9c0_193dca6021d_3428,1,"2025-07-23 16:19:25","2025-07-23 16:19:25"
166,Kara,Kozah,"Kozah 1","Commune De Kara","Pharmacie du Cabinet médical Maman","Pharmacie de centre de santé",Prive,"{Lundi,Mardi,Mercredi,Jeudi,Vendredi,Samedi}",2018,,,geometry,Point,1.19537332,9.56091441,_mview_sant_pharmacies.fid-7111a9c0_193dca6021d_3431,1,"2025-07-23 16:19:25","2025-07-23 16:19:25"
168,Plateaux,Ogou,"Ogou 3",Gléi,"Pharmacie du CMS Gléi","Pharmacie de centre de santé",Public,"{Lundi,Mardi,Mercredi,Jeudi,Vendredi}",1995,,,geometry,Point,1.16413737,7.31729772,_mview_sant_pharmacies.fid-7111a9c0_193dca6021d_343b,1,"2025-07-23 16:19:25","2025-07-23 16:19:25"
170,Maritime,Zio,"Zio 1",Tsévié,"Pharmacie du CMS EDV","Pharmacie de centre de santé",Prive,"{Samedi,Vendredi,Jeudi,Mercredi,Mardi,Lundi}",2020,,,geometry,Point,1.21490473,6.43987076,_mview_sant_pharmacies.fid-7111a9c0_193dca6021d_3441,1,"2025-07-23 16:19:25","2025-07-23 16:19:25"
171,Plateaux,Agou,"Agou 1",Assahoun-Fiagbé,"Pharmacie de l'USP Assanhun Fiagbé","Pharmacie de centre de santé",Public,"{Lundi,Mardi,Mercredi,Jeudi,Vendredi,Samedi}",Nsp,,,geometry,Point,0.70458343,6.79661524,_mview_sant_pharmacies.fid-7111a9c0_193dca6021d_3444,1,"2025-07-23 16:19:25","2025-07-23 16:19:25"
172,Plateaux,Ogou,"Ogou 1",Gnagna,"Pharmacie de l'ATBEF","Pharmacie de centre de santé",Prive,"{Lundi,Mardi,Mercredi,Jeudi,Vendredi}",Nsp,,,geometry,Point,1.12981554,7.52167315,_mview_sant_pharmacies.fid-7111a9c0_193dca6021d_3445,1,"2025-07-23 16:19:25","2025-07-23 16:19:25"
173,Savanes,Oti,"Oti 1",Mango,"Pharmacie de l'USP Saint Dominique","Pharmacie de centre de santé",Prive,"{Lundi,Mardi,Mercredi,Jeudi,Vendredi,Samedi}",Nsp,,,geometry,Point,0.47430547,10.36252077,_mview_sant_pharmacies.fid-7111a9c0_193dca6021d_3446,1,"2025-07-23 16:19:25","2025-07-23 16:19:25"
174,Centrale,Tchaoudjo,"Tchaoudjo 1","Sokodè (Komah)","Pharmacie du CMS Espoir Vie Togo","Pharmacie de centre de santé",Autre,"{Lundi,Mardi,Mercredi,Jeudi,Vendredi}",2001,,,geometry,Point,1.15374917,8.96749357,_mview_sant_pharmacies.fid-7111a9c0_193dca6021d_3448,1,"2025-07-23 16:19:25","2025-07-23 16:19:25"
175,Centrale,Tchaoudjo,"Tchaoudjo 2",Lama-Tessi,"Pharmacie de l'USP Lama-Tessi","Pharmacie de centre de santé",Public,"{Lundi,Mardi,Mercredi,Jeudi,Vendredi,Samedi}",1954,,,geometry,Point,1.07242329,8.8461813,_mview_sant_pharmacies.fid-7111a9c0_193dca6021d_3456,1,"2025-07-23 16:19:25","2025-07-23 16:19:25"
176,Maritime,Bas-Mono,"Bas-Mono 2",Attitogon,"Pharmacie de l'USP Dagboe-Neva","Pharmacie de centre de santé",Autre,"{Lundi,Mardi,Mercredi,Jeudi,Vendredi}",2006,,,geometry,Point,1.61425027,6.39392171,_mview_sant_pharmacies.fid-7111a9c0_193dca6021d_345c,1,"2025-07-23 16:19:25","2025-07-23 16:19:25"
177,Centrale,Tchaoudjo,"Tchaoudjo 1","Sokodè (Komah)","Pharmacie de l'USP Baraka City","Pharmacie de centre de santé",Prive,"{Lundi,Mardi,Mercredi,Jeudi,Vendredi,Samedi}",2014,,,geometry,Point,1.1090112,8.99593252,_mview_sant_pharmacies.fid-7111a9c0_193dca6021d_345d,1,"2025-07-23 16:19:25","2025-07-23 16:19:25"
178,Maritime,Lacs,"Lacs 2",Aklakou,"Pharmacie du CMS Aklakou","Pharmacie de centre de santé",Public,"{Lundi,Mardi,Mercredi,Jeudi,Samedi,Vendredi}",Nsp,,,geometry,Point,1.71059303,6.33740044,_mview_sant_pharmacies.fid-7111a9c0_193dca6021d_345f,1,"2025-07-23 16:19:25","2025-07-23 16:19:25"
179,Maritime,Zio,"Zio 2",Mission-Tové,"Pharmacie de l'USP Mission Tové","Pharmacie de centre de santé",Public,"{Lundi,Mardi,Mercredi,Jeudi,Vendredi}",Nsp,,,geometry,Point,1.11778473,6.32275793,_mview_sant_pharmacies.fid-7111a9c0_193dca6021d_3460,1,"2025-07-23 16:19:25","2025-07-23 16:19:25"
180,Maritime,Zio,"Zio 1",Davié,"Pharmacie de la Clinique ATBEF","Pharmacie de centre de santé",Prive,"{Lundi,Mardi,Mercredi,Jeudi,Vendredi}",2021,,,geometry,Point,1.20943305,6.38688264,_mview_sant_pharmacies.fid-7111a9c0_193dca6021d_3461,1,"2025-07-23 16:19:25","2025-07-23 16:19:25"
181,Plateaux,Kloto,"Kloto 1",Yokélé,"Pharmacie de l'USP Yokele","Pharmacie de centre de santé",Public,"{Lundi,Mardi,Mercredi,Jeudi,Samedi,Vendredi}",Nsp,,,geometry,Point,0.65889406,6.9349679,_mview_sant_pharmacies.fid-7111a9c0_193dca6021d_346b,1,"2025-07-23 16:19:25","2025-07-23 16:19:25"
183,Savanes,Tône,"Tône 1",Dapaong,"Pharmacie du CMS Saint Luc","Pharmacie de centre de santé",Prive,"{Lundi,Mardi,Mercredi,Jeudi,Vendredi}",2006,,,geometry,Point,0.21364332,10.86731809,_mview_sant_pharmacies.fid-7111a9c0_193dca6021d_3470,1,"2025-07-23 16:19:25","2025-07-23 16:19:25"
184,Plateaux,Kloto,"Kloto 1",Agome-Kpalime,"Pharmacie du CMS Siloe","Pharmacie de centre de santé",Prive,"{Lundi,Mardi,Mercredi,Jeudi,Vendredi}",2017,,,geometry,Point,0.62445141,6.89613715,_mview_sant_pharmacies.fid-7111a9c0_193dca6021d_3473,1,"2025-07-23 16:19:25","2025-07-23 16:19:25"
185,Plateaux,Kloto,"Kloto 1",Agome-Kpalime,"Pharmacie de la Polyclinique de Kpalimé","Pharmacie de centre de santé",Public,"{Vendredi,Jeudi,Mercredi,Mardi,Lundi}",Nsp,,,geometry,Point,0.62766238,6.91318505,_mview_sant_pharmacies.fid-7111a9c0_193dca6021d_3478,1,"2025-07-23 16:19:25","2025-07-23 16:19:25"
186,Plateaux,Kloto,"Kloto 2",Kpimé,"Pharmacie du CMS Vie en Abondance","Pharmacie de centre de santé",Autre,"{Lundi,Mardi,Mercredi,Jeudi,Vendredi,Samedi}",2013,,,geometry,Point,0.65581373,6.99738289,_mview_sant_pharmacies.fid-7111a9c0_193dca6021d_347c,1,"2025-07-23 16:19:25","2025-07-23 16:19:25"
187,Plateaux,Ogou,"Ogou 1",Djama,"Pharmacie du CMS Notre Dame de la Consolation","Pharmacie de centre de santé",Prive,"{Lundi,Mardi,Mercredi,Jeudi,Vendredi,Samedi}",2011,,,geometry,Point,1.16027889,7.51994415,_mview_sant_pharmacies.fid-7111a9c0_193dca6021d_3481,1,"2025-07-23 16:19:25","2025-07-23 16:19:25"
188,Kara,Bassar,"Bassar 1",Bassar,"Pharmacie du Centre Difiidi","Pharmacie de centre de santé",Prive,"{Lundi,Mardi,Mercredi,Jeudi,Vendredi,Samedi}",2020,,,geometry,Point,0.79019394,9.26738786,_mview_sant_pharmacies.fid-7111a9c0_193dca6021d_3483,1,"2025-07-23 16:19:25","2025-07-23 16:19:25"
189,Kara,Kéran,"Kéran 1",Kantè,"Pharmacie du Dispensaire d'Atekante","Pharmacie de centre de santé",Public,"{Lundi,Mardi,Mercredi,Jeudi,Vendredi}",Nsp,,,geometry,Point,1.04604491,9.96106561,_mview_sant_pharmacies.fid-7111a9c0_193dca6021d_3486,1,"2025-07-23 16:19:25","2025-07-23 16:19:25"
190,Plateaux,Kloto,"Kloto 1",Agome-Kpalime,"Pharmacie du CMS Amitié","Pharmacie de centre de santé",Prive,"{Lundi,Mardi,Mercredi,Jeudi,Vendredi}",2006,,,geometry,Point,0.62922084,6.89301219,_mview_sant_pharmacies.fid-7111a9c0_193dca6021d_3489,1,"2025-07-23 16:19:25","2025-07-23 16:19:25"
191,Plateaux,Est-Mono,"Est-Mono 2",Badin-Copé,"Pharmacie de l'USP Yanda","Pharmacie de centre de santé",Public,"{Mardi,Lundi,Mercredi,Jeudi,Vendredi}",2003,,,geometry,Point,1.59470691,8.32891566,_mview_sant_pharmacies.fid-7111a9c0_193dca6021d_348c,1,"2025-07-23 16:19:25","2025-07-23 16:19:25"
192,Kara,Kozah,"Kozah 3",Awandjélo,"Pharmacie de l'USP Soumbou","Pharmacie de centre de santé",Public,"{Lundi,Mardi,Mercredi,Jeudi,Vendredi,Samedi}",2015,,,geometry,Point,1.21148954,9.48526931,_mview_sant_pharmacies.fid-7111a9c0_193dca6021d_348d,1,"2025-07-23 16:19:25","2025-07-23 16:19:25"
193,Maritime,Golfe,"Golfe 7",Aflao-Sagbado,"Pharmacie du CMS Gratia de Klémé","Pharmacie de centre de santé",Prive,"{Lundi,Mardi,Mercredi,Jeudi,Vendredi}",2016,,,geometry,Point,1.0929917,6.21202887,_mview_sant_pharmacies.fid-7111a9c0_193dca6021d_3492,1,"2025-07-23 16:19:25","2025-07-23 16:19:25"
194,Plateaux,Anié,"Anié 1",Anié,"Pharmacie du CMS la Paix","Pharmacie de centre de santé",Prive,"{Lundi,Mardi,Jeudi,Mercredi,Vendredi,Samedi}",Nsp,,,geometry,Point,1.19525396,7.75586157,_mview_sant_pharmacies.fid-7111a9c0_193dca6021d_3494,1,"2025-07-23 16:19:25","2025-07-23 16:19:25"
195,Maritime,Lacs,"Lacs 4",Fiata,"Pharmacie de l'USP Atoueta","Pharmacie de centre de santé",Public,"{Jeudi,Vendredi,Mercredi,Mardi,Lundi}",1991,,,geometry,Point,1.66816983,6.30415815,_mview_sant_pharmacies.fid-7111a9c0_193dca6021d_3498,1,"2025-07-23 16:19:25","2025-07-23 16:19:25"
196,Kara,Doufelgou,"Doufelgou 3",Alloum,"Pharmacie du CRN Saint Kisito Ami des Enfants de Bourkou","Pharmacie de centre de santé",Autre,"{Lundi,Mardi,Mercredi,Jeudi,Vendredi,Samedi}",2009,,,geometry,Point,0.91872716,9.7363804,_mview_sant_pharmacies.fid-7111a9c0_193dca6021d_349a,1,"2025-07-23 16:19:25","2025-07-23 16:19:25"
197,Maritime,Lacs,"Lacs 2",Agouégan,"Pharmacie de l'USP Agouegan","Pharmacie de centre de santé",Public,"{Lundi,Mardi,Mercredi,Jeudi,Vendredi}",2000,,,geometry,Point,1.68092574,6.26199624,_mview_sant_pharmacies.fid-7111a9c0_193dca6021d_34a2,1,"2025-07-23 16:19:25","2025-07-23 16:19:25"
198,Savanes,Tandjoaré,"Tandjoaré 2",Tampialime,"Pharmacie de l'USP Tampialime","Pharmacie de centre de santé",Public,"{Dimanche,Samedi,Jeudi,Mercredi,Mardi,Lundi}",2019,,,geometry,Point,0.005384,10.75085724,_mview_sant_pharmacies.fid-7111a9c0_193dca6021d_34a5,1,"2025-07-23 16:19:25","2025-07-23 16:19:25"
199,Maritime,Agoè-Nyivé,"Agoè-Nyivé 4",Togblekope,"Pharmacie du CMS Notre Dame de Fatima de Fidokpui","Pharmacie de centre de santé",Public,"{Lundi,Mardi,Mercredi,Jeudi,Vendredi}",2014,,,geometry,Point,1.21380882,6.25179306,_mview_sant_pharmacies.fid-7111a9c0_193dca6021d_34aa,1,"2025-07-23 16:19:25","2025-07-23 16:19:25"
200,Centrale,Blitta,"Blitta 2",Langabou,"Pharmacie de l'USP Langabou","Pharmacie de centre de santé",Public,"{Lundi,Mardi,Mercredi,Jeudi,Vendredi}",1990,,,geometry,Point,1.13622918,8.12596733,_mview_sant_pharmacies.fid-7111a9c0_193dca6021d_34ba,1,"2025-07-23 16:19:25","2025-07-23 16:19:25"
201,Plateaux,Wawa,"Wawa 2",Gbadi-N'kougna,"Pharmacie de l'USP Gbadi N Kougna","Pharmacie de centre de santé",Public,"{Lundi,Mardi,Mercredi,Jeudi,Vendredi}",2006,,,geometry,Point,0.70975466,7.46039343,_mview_sant_pharmacies.fid-7111a9c0_193dca6021d_34c2,1,"2025-07-23 16:19:25","2025-07-23 16:19:25"
205,Maritime,Zio,"Zio 1",Tsévié,"Pharmacie du CMS Dispensation des ARV","Pharmacie de centre de santé",Autre,"{Lundi,Mardi,Mercredi,Jeudi,Vendredi}",2008,,,geometry,Point,1.20390003,6.41897855,_mview_sant_pharmacies.fid-7111a9c0_193dca6021d_34c8,1,"2025-07-23 16:19:25","2025-07-23 16:19:25"
206,Maritime,Golfe,"Golfe 5",Aflao-Gakli,"Pharmacie du CMS Lucia","Pharmacie de centre de santé",Prive,"{Samedi,Vendredi,Jeudi,Mercredi,Mardi,Lundi}",Nsp,,,geometry,Point,1.20061802,6.18153293,_mview_sant_pharmacies.fid-7111a9c0_193dca6021d_34cb,1,"2025-07-23 16:19:25","2025-07-23 16:19:25"
207,Centrale,Tchaoudjo,"Tchaoudjo 1","Sokodè (Komah)","Pharmacie de l'USP Komah","Pharmacie de centre de santé",Prive,"{Lundi,Mardi,Mercredi,Vendredi,Jeudi,Samedi}",2000,,,geometry,Point,1.14673786,8.97234771,_mview_sant_pharmacies.fid-7111a9c0_193dca6021d_34d4,1,"2025-07-23 16:19:25","2025-07-23 16:19:25"
209,Centrale,Blitta,"Blitta 3",Atchintsè,"Pharmacie de l'USP Assoukoko","Pharmacie de centre de santé",Public,"{Lundi,Mardi,Mercredi,Jeudi,Vendredi,Samedi}",1979,,,geometry,Point,0.65855012,8.00303055,_mview_sant_pharmacies.fid-7111a9c0_193dca6021d_34de,1,"2025-07-23 16:19:25","2025-07-23 16:19:25"
210,Savanes,Tône,"Tône 1",Dapaong,"Pharmacie du CMS Dalwak","Pharmacie de centre de santé",Public,"{Lundi,Mardi,Mercredi,Jeudi,Vendredi,Samedi}",2021,,,geometry,Point,0.18502544,10.82139151,_mview_sant_pharmacies.fid-7111a9c0_193dca6021d_34ec,1,"2025-07-23 16:19:25","2025-07-23 16:19:25"
211,Maritime,Agoè-Nyivé,"Agoè-Nyivé 6",Adétikopé,"Pharmacie du CMS Sante Espoir","Pharmacie de centre de santé",Prive,"{Lundi,Mardi,Mercredi,Jeudi,Vendredi,Samedi}",Nsp,,,geometry,Point,1.21071294,6.3490129,_mview_sant_pharmacies.fid-7111a9c0_193dca6021d_34ed,1,"2025-07-23 16:19:25","2025-07-23 16:19:25"
212,Kara,Kozah,"Kozah 1","Commune De Kara","Pharmacie de l'Infirmerie des Collèges Chaminade et Adele","Pharmacie de centre de santé",Prive,"{Lundi,Mardi,Mercredi,Jeudi,Vendredi}",1963,,,geometry,Point,1.18913325,9.55404756,_mview_sant_pharmacies.fid-7111a9c0_193dca6021d_34ee,1,"2025-07-23 16:19:25","2025-07-23 16:19:25"
213,Plateaux,Haho,"Haho 1",Notsé,"Pharmacie du Cabinet medical la Main de Dieu","Pharmacie de centre de santé",Prive,"{Lundi,Mardi,Mercredi,Jeudi,Vendredi}",2020,,,geometry,Point,1.18382236,6.9564317,_mview_sant_pharmacies.fid-7111a9c0_193dca6021d_34f2,1,"2025-07-23 16:19:25","2025-07-23 16:19:25"
214,Plateaux,Haho,"Haho 3",Kpédomé,"Pharmacie de l'USP Tsinigan","Pharmacie de centre de santé",Public,"{Lundi,Mardi,Mercredi,Jeudi,Vendredi}",Nsp,,,geometry,Point,1.00392505,7.01720093,_mview_sant_pharmacies.fid-7111a9c0_193dca6021d_34f4,1,"2025-07-23 16:19:25","2025-07-23 16:19:25"
215,Kara,Kozah,"Kozah 1","Commune De Kara","Pharmacie Damse Uk","Pharmacie de centre de santé",Public,"{Lundi,Mardi,Mercredi,Jeudi,Vendredi}",2004,,,geometry,Point,1.20795257,9.53122665,_mview_sant_pharmacies.fid-7111a9c0_193dca6021d_34f5,1,"2025-07-23 16:19:25","2025-07-23 16:19:25"
216,Kara,Binah,"Binah 1",Boufalé,"Pharmacie de l'USP Boufale","Pharmacie de centre de santé",Public,"{Samedi,Vendredi,Jeudi,Mercredi,Mardi,Lundi}",2006,,,geometry,Point,1.33311541,9.86118695,_mview_sant_pharmacies.fid-7111a9c0_193dca6021d_34f7,1,"2025-07-23 16:19:25","2025-07-23 16:19:25"
217,Maritime,Golfe,"Golfe 5",Aflao-Gakli,"Pharmacie de la Clinique Médicale la Victoire","Pharmacie de centre de santé",Prive,"{Lundi,Mardi,Mercredi,Vendredi,Jeudi}",2001,,,geometry,Point,1.19530778,6.18780199,_mview_sant_pharmacies.fid-7111a9c0_193dca6021d_3504,1,"2025-07-23 16:19:26","2025-07-23 16:19:26"
218,Plateaux,Wawa,"Wawa 3",Klabé-Efoukpa,"Pharmacie de l'USP Klabe Efoukpa","Pharmacie de centre de santé",Public,"{Lundi,Mardi,Mercredi,Jeudi,Vendredi}",Nsp,,,geometry,Point,0.76322828,7.60468966,_mview_sant_pharmacies.fid-7111a9c0_193dca6021d_3506,1,"2025-07-23 16:19:26","2025-07-23 16:19:26"
219,Centrale,Sotouboua,"Sotouboua 1",Sotouboua,"Pharmacie de l'USP Kpei Tchila","Pharmacie de centre de santé",Public,"{Lundi,Mardi,Mercredi,Jeudi,Samedi,Dimanche}",2007,,,geometry,Point,0.89525002,8.5154968,_mview_sant_pharmacies.fid-7111a9c0_193dca6021d_3508,1,"2025-07-23 16:19:26","2025-07-23 16:19:26"
220,Maritime,Vo,"Vo 4",Hahotoé,"Pharmacie de l'USP Hahotoe","Pharmacie de centre de santé",Prive,"{Lundi,Mardi,Mercredi,Jeudi,Vendredi}",1966,,,geometry,Point,1.41190546,6.36890851,_mview_sant_pharmacies.fid-7111a9c0_193dca6021d_3509,1,"2025-07-23 16:19:26","2025-07-23 16:19:26"
221,Plateaux,Haho,"Haho 3",Kpédomé,"Pharmacie du Centre de Santé la Grace","Pharmacie de centre de santé",Prive,"{Lundi,Jeudi,Mardi,Mercredi,Vendredi,Samedi}",2018,,,geometry,Point,1.17073533,6.9713179,_mview_sant_pharmacies.fid-7111a9c0_193dca6021d_3515,1,"2025-07-23 16:19:26","2025-07-23 16:19:26"
222,Plateaux,Ogou,"Ogou 4",Ountivou,"Pharmacie de l'USP Ountivou","Pharmacie de centre de santé",Public,"{Lundi,Mardi,Mercredi,Jeudi,Vendredi,Samedi}",2019,,,geometry,Point,1.56471306,7.3589895,_mview_sant_pharmacies.fid-7111a9c0_193dca6021d_3517,1,"2025-07-23 16:19:26","2025-07-23 16:19:26"
223,Plateaux,Wawa,"Wawa 1",Tomégbé,"Pharmacie du CMS Notre Dame de Lourdes","Pharmacie de centre de santé",Autre,"{Lundi,Mardi,Mercredi,Jeudi,Vendredi,Samedi}",Nsp,,,geometry,Point,0.60576867,7.51312877,_mview_sant_pharmacies.fid-7111a9c0_193dca6021d_3518,1,"2025-07-23 16:19:26","2025-07-23 16:19:26"
225,Plateaux,Anié,"Anié 1",Anié,"Pharmacie de de l'USP Agodjololo","Pharmacie de centre de santé",Public,"{Lundi,Mardi,Mercredi,Vendredi,Dimanche,Jeudi}",2021,,,geometry,Point,1.18969413,7.86210987,_mview_sant_pharmacies.fid-7111a9c0_193dca6021d_352f,1,"2025-07-23 16:19:26","2025-07-23 16:19:26"
226,Kara,Kozah,"Kozah 2",Tcharè,"Pharmacie de l'USP Tchare Wiyamde","Pharmacie de centre de santé",Public,"{Lundi,Mardi,Mercredi,Jeudi,Vendredi}",2000,,,geometry,Point,1.17900633,9.65737858,_mview_sant_pharmacies.fid-7111a9c0_193dca6021d_3533,1,"2025-07-23 16:19:26","2025-07-23 16:19:26"
227,Maritime,Golfe,"Golfe 7",Aflao-Sagbado,"Pharmacie du CMS Alpha Oméga","Pharmacie de centre de santé",Prive,"{Lundi,Mardi,Mercredi,Jeudi,Vendredi}",2018,,,geometry,Point,1.13516335,6.20310158,_mview_sant_pharmacies.fid-7111a9c0_193dca6021d_3535,1,"2025-07-23 16:19:26","2025-07-23 16:19:26"
228,Savanes,Tandjoaré,"Tandjoaré 1",Bombouaka,"Pharmacie Don Orione","Pharmacie de centre de santé",Autre,"{Lundi,Mardi,Mercredi,Jeudi,Vendredi,Samedi}",2017,,,geometry,Point,0.21012193,10.69206764,_mview_sant_pharmacies.fid-7111a9c0_193dca6021d_3538,1,"2025-07-23 16:19:26","2025-07-23 16:19:26"
229,Centrale,Tchamba,"Tchamba 1",Larini,"Pharmacie de l'USP Larini","Pharmacie de centre de santé",Public,"{Lundi,Mardi,Mercredi,Jeudi,Vendredi}",2001,,,geometry,Point,1.41451428,9.03325303,_mview_sant_pharmacies.fid-7111a9c0_193dca6021d_3540,1,"2025-07-23 16:19:26","2025-07-23 16:19:26"
231,Maritime,Lacs,"Lacs 1",Glidji,"Pharmacie de l'USP Zalive Assoukope","Pharmacie de centre de santé",Public,"{Lundi,Mardi,Mercredi,Jeudi,Vendredi,Samedi}",Nsp,,,geometry,Point,1.59065515,6.25501322,_mview_sant_pharmacies.fid-7111a9c0_193dca6021d_3546,1,"2025-07-23 16:19:26","2025-07-23 16:19:26"
232,Plateaux,Danyi,"Danyi 1",Danyi-Atigba,"Pharmacie du CHP Apéyémé","Pharmacie de centre de santé",Public,"{Lundi,Mardi,Jeudi,Mercredi,Vendredi}",2020,,,geometry,Point,0.68838153,7.21956544,_mview_sant_pharmacies.fid-7111a9c0_193dca6021d_3559,1,"2025-07-23 16:19:26","2025-07-23 16:19:26"
234,Maritime,Golfe,"Golfe 5",Aflao-Gakli,"Pharmacie de la Clinique de l'Alliance","Pharmacie de centre de santé",Nsp,Nsp,2016,,,geometry,Point,1.18544271,6.17950966,_mview_sant_pharmacies.fid-7111a9c0_193dca6021d_355e,1,"2025-07-23 16:19:26","2025-07-23 16:19:26"
235,Kara,Kozah,"Kozah 1",Soumdina,"Pharmacie de l'USP Soumdina Bas","Pharmacie de centre de santé",Public,"{Lundi,Mardi,Mercredi,Jeudi,Vendredi}",1949,,,geometry,Point,1.25616582,9.64536731,_mview_sant_pharmacies.fid-7111a9c0_193dca6021d_3560,1,"2025-07-23 16:19:26","2025-07-23 16:19:26"
236,Kara,Assoli,"Assoli 1",Bafilo,"Pharmacie de l'USP El Houda","Pharmacie de centre de santé",Prive,"{Lundi,Mardi,Mercredi,Jeudi,Vendredi}",2002,,,geometry,Point,1.24984757,9.36129148,_mview_sant_pharmacies.fid-7111a9c0_193dca6021d_3561,1,"2025-07-23 16:19:26","2025-07-23 16:19:26"
237,Maritime,Golfe,"Golfe 5",Aflao-Gakli,"Pharmacie de la Clinique Médico-chirurgical Mawubedzro","Pharmacie de centre de santé",Prive,"{Lundi,Mardi,Mercredi,Jeudi,Vendredi}",Nsp,,,geometry,Point,1.20087436,6.17313327,_mview_sant_pharmacies.fid-7111a9c0_193dca6021d_3569,1,"2025-07-23 16:19:26","2025-07-23 16:19:26"
239,Plateaux,Danyi,"Danyi 1",Danyi-Atigba,"Pharmacie de l'USP Danyi Dzogbegan","Pharmacie de centre de santé",Prive,"{Lundi,Mardi,Mercredi,Jeudi,Vendredi}",Nsp,,,geometry,Point,0.69697627,7.23663867,_mview_sant_pharmacies.fid-7111a9c0_193dca6021d_3574,1,"2025-07-23 16:19:26","2025-07-23 16:19:26"
240,Plateaux,Kpélé,"Kpélé 1",Kpélé-Novivé,"Pharmacie du Cabinet médical Cristal","Pharmacie de centre de santé",Prive,"{Lundi,Mardi,Mercredi,Jeudi,Vendredi}",Nsp,,,geometry,Point,0.73194455,7.1376694,_mview_sant_pharmacies.fid-7111a9c0_193dca6021d_3576,1,"2025-07-23 16:19:26","2025-07-23 16:19:26"
242,Centrale,Tchaoudjo,"Tchaoudjo 1","Sokodè (Komah)","Pharmacie de la Clinique Adak","Pharmacie de centre de santé",Prive,"{Lundi,Mardi,Mercredi,Jeudi,Vendredi,Samedi}",2019,,,geometry,Point,1.16024581,8.97283184,_mview_sant_pharmacies.fid-7111a9c0_193dca6021d_357e,1,"2025-07-23 16:19:26","2025-07-23 16:19:26"
243,Kara,Kozah,"Kozah 1",Soumdina,"Pharmacie du CMS Sar-Afrique","Pharmacie de centre de santé",Prive,"{Lundi,Mardi,Mercredi,Jeudi,Vendredi,Samedi}",Nsp,,,geometry,Point,1.2519202,9.62568423,_mview_sant_pharmacies.fid-7111a9c0_193dca6021d_3580,1,"2025-07-23 16:19:26","2025-07-23 16:19:26"
244,Centrale,Sotouboua,"Sotouboua 1",Sotouboua,"Pharmacie du CHP Sotouboua","Pharmacie de centre de santé",Public,"{Lundi,Mardi,Mercredi,Jeudi,Vendredi}",2017,,,geometry,Point,0.97826837,8.5567593,_mview_sant_pharmacies.fid-7111a9c0_193dca6021d_3581,1,"2025-07-23 16:19:26","2025-07-23 16:19:26"
245,Centrale,Tchaoudjo,"Tchaoudjo 3",Amaïde,"Pharmacie du Centre de Santé Ste Camille","Pharmacie de centre de santé",Prive,"{Lundi,Mardi,Mercredi,Jeudi,Vendredi,Samedi}",2018,,,geometry,Point,1.15401586,9.14146604,_mview_sant_pharmacies.fid-7111a9c0_193dca6021d_3582,1,"2025-07-23 16:19:26","2025-07-23 16:19:26"
246,Kara,Assoli,"Assoli 2",Alédjo,"Pharmacie du Centre Vie et Sante d'Alédjo","Pharmacie de centre de santé",Prive,"{Lundi,Mardi,Mercredi,Jeudi,Vendredi}",1961,,,geometry,Point,1.21159343,9.25922843,_mview_sant_pharmacies.fid-7111a9c0_193dca6021d_3585,1,"2025-07-23 16:19:26","2025-07-23 16:19:26"
248,Maritime,Vo,"Vo 2",Anyron-Kopé,"Pharmacie du Cms San Marziano","Pharmacie de centre de santé",Autre,"{Mardi,Mercredi,Jeudi,Vendredi,Samedi}",1977,,,geometry,Point,1.55446412,6.26874481,_mview_sant_pharmacies.fid-7111a9c0_193dca6021d_358c,1,"2025-07-23 16:19:26","2025-07-23 16:19:26"
250,Centrale,Tchaoudjo,"Tchaoudjo 1","Sokodè (Komah)","Pharmacie de l'USP Akamade","Pharmacie de centre de santé",Prive,"{Lundi,Mardi,Mercredi,Jeudi,Vendredi,Samedi}",2020,,,geometry,Point,1.11807184,8.99730806,_mview_sant_pharmacies.fid-7111a9c0_193dca6021d_3590,1,"2025-07-23 16:19:26","2025-07-23 16:19:26"
251,Savanes,Kpendjal-Ouest,"Kpendjal-Ouest 2",Tambonga,"Pharmacie de l'USP Malgbangou","Pharmacie de centre de santé",Public,"{Lundi,Mardi,Mercredi,Jeudi,Vendredi,Samedi}",2013,,,geometry,Point,0.4676763,10.9220769,_mview_sant_pharmacies.fid-7111a9c0_193dca6021d_3591,1,"2025-07-23 16:19:26","2025-07-23 16:19:26"
254,Plateaux,Kloto,"Kloto 1",Tové,"Pharmacie de l'USP Tové","Pharmacie de centre de santé",Public,"{Lundi,Mardi,Mercredi,Jeudi,Vendredi}",Nsp,,,geometry,Point,0.64850531,6.87962529,_mview_sant_pharmacies.fid-7111a9c0_193dca6021d_35a1,1,"2025-07-23 16:19:26","2025-07-23 16:19:26"
255,Maritime,Golfe,"Golfe 5",Aflao-Gakli,"Pharmacie de la Clinique Internationale Dr Kodom","Pharmacie de centre de santé",Prive,"{Samedi,Vendredi,Jeudi,Mercredi,Mardi,Lundi}",2007,,,geometry,Point,1.19775933,6.17057287,_mview_sant_pharmacies.fid-7111a9c0_193dca6021d_35a6,1,"2025-07-23 16:19:26","2025-07-23 16:19:26"
256,Plateaux,Wawa,"Wawa 1",Badou,"Pharmacie du CHP Badou","Pharmacie de centre de santé",Public,"{Lundi,Mardi,Mercredi,Jeudi,Vendredi,Samedi}",Nsp,,,geometry,Point,0.6053385,7.58932367,_mview_sant_pharmacies.fid-7111a9c0_193dca6021d_35ad,1,"2025-07-23 16:19:26","2025-07-23 16:19:26"
257,Plateaux,Agou,"Agou 2",Agotimé-Nord,"Pharmacie de l'USP Agotime Adame","Pharmacie de centre de santé",Public,"{Lundi,Mardi,Mercredi,Jeudi,Vendredi,Samedi}",1971,,,geometry,Point,0.67276364,6.77537634,_mview_sant_pharmacies.fid-7111a9c0_193dca6021d_35ae,1,"2025-07-23 16:19:26","2025-07-23 16:19:26"
258,Plateaux,Agou,"Agou 1",Agou-Tavié,"Pharmacie de l'USP Klonou","Pharmacie de centre de santé",Public,"{Lundi,Mardi,Mercredi,Jeudi,Vendredi,Samedi}",2002,,,geometry,Point,0.67880692,6.83023818,_mview_sant_pharmacies.fid-7111a9c0_193dca6021d_35af,1,"2025-07-23 16:19:26","2025-07-23 16:19:26"
259,Maritime,Yoto,"Yoto 1",Kouvé,"Pharmacie de l'Hôpital des Sœurs de la Providence de Kouvé","Pharmacie de centre de santé",Public,"{Vendredi,Jeudi,Mercredi,Mardi,Lundi,Samedi}",Nsp,,,geometry,Point,1.4118228,6.65415943,_mview_sant_pharmacies.fid-7111a9c0_193dca6021d_35b1,1,"2025-07-23 16:19:26","2025-07-23 16:19:26"
260,Plateaux,Agou,"Agou 1",Agou-Tavié,"Pharmacie de l'USP Apégamé","Pharmacie de centre de santé",Public,"{Lundi,Mardi,Mercredi,Jeudi,Vendredi,Samedi}",1992,,,geometry,Point,0.72790091,6.85136275,_mview_sant_pharmacies.fid-7111a9c0_193dca6021d_35b4,1,"2025-07-23 16:19:26","2025-07-23 16:19:26"
262,Plateaux,Ogou,"Ogou 4",Ountivou,"Pharmacie de l'USP Homagan","Pharmacie de centre de santé",Public,"{Lundi,Mardi,Mercredi,Jeudi,Vendredi}",2007,,,geometry,Point,1.59197622,7.45994939,_mview_sant_pharmacies.fid-7111a9c0_193dca6021d_35b7,1,"2025-07-23 16:19:26","2025-07-23 16:19:26"
263,Plateaux,Ogou,"Ogou 1",Gnagna,"Pharmacie du CMS Jean Baptiste","Pharmacie de centre de santé",Prive,"{Lundi,Mardi,Mercredi,Jeudi,Vendredi,Samedi}",2002,,,geometry,Point,1.15734087,7.49646551,_mview_sant_pharmacies.fid-7111a9c0_193dca6021d_35c0,1,"2025-07-23 16:19:26","2025-07-23 16:19:26"
264,Plateaux,Anié,"Anié 2",Adogbénou,"Pharmacie de l'USP Afole","Pharmacie de centre de santé",Public,"{Lundi,Mardi,Mercredi,Vendredi,Samedi,Dimanche}",2004,,,geometry,Point,1.60185701,7.81546456,_mview_sant_pharmacies.fid-7111a9c0_193dca6021d_35c4,1,"2025-07-23 16:19:26","2025-07-23 16:19:26"
265,Kara,Binah,"Binah 2",Kétao,"Pharmacie du PMI Saint Martin","Pharmacie de centre de santé",Prive,"{Lundi,Mardi,Mercredi,Jeudi,Vendredi,Samedi}",2007,,,geometry,Point,1.30894052,9.66526331,_mview_sant_pharmacies.fid-7111a9c0_193dca6021d_35c7,1,"2025-07-23 16:19:26","2025-07-23 16:19:26"
266,Centrale,Tchaoudjo,"Tchaoudjo 1","Sokodè (Komah)","Pharmacie du Centre de Santé Esperance Koulonde","Pharmacie de centre de santé",Prive,"{Lundi,Mardi,Mercredi,Jeudi,Vendredi,Samedi}",1977,,,geometry,Point,1.15823337,8.97439151,_mview_sant_pharmacies.fid-7111a9c0_193dca6021d_35db,1,"2025-07-23 16:19:26","2025-07-23 16:19:26"
267,Maritime,Zio,"Zio 1",Tsévié,"Pharmacie de l'ONG JVS","Pharmacie de centre de santé",Prive,"{Lundi,Mardi,Mercredi,Jeudi,Vendredi}",2021,,,geometry,Point,1.20849297,6.41507776,_mview_sant_pharmacies.fid-7111a9c0_193dca6021d_35e2,1,"2025-07-23 16:19:26","2025-07-23 16:19:26"
268,Maritime,Golfe,"Golfe 7",Aflao-Sagbado,"Pharmacie du CMS Soeur Pura Pagani","Pharmacie de centre de santé",Autre,"{Lundi,Mardi,Mercredi,Jeudi,Vendredi,Samedi}",2010,,,geometry,Point,1.14501715,6.17724225,_mview_sant_pharmacies.fid-7111a9c0_193dca6021d_35e3,1,"2025-07-23 16:19:26","2025-07-23 16:19:26"
269,Kara,Assoli,"Assoli 1",Bouladè,"Pharmacie de l'USP Boulade","Pharmacie de centre de santé",Public,"{Lundi,Mardi,Mercredi,Jeudi,Vendredi,Samedi}",Nsp,,,geometry,Point,1.22058913,9.42162395,_mview_sant_pharmacies.fid-7111a9c0_193dca6021d_35ef,1,"2025-07-23 16:19:26","2025-07-23 16:19:26"
270,Plateaux,Agou,"Agou 1",Kati,"Pharmacie de l'USP Kati","Pharmacie de centre de santé",Public,"{Lundi,Mardi,Mercredi,Jeudi,Vendredi}",1953,,,geometry,Point,0.84493031,6.88926243,_mview_sant_pharmacies.fid-7111a9c0_193dca6021d_35f2,1,"2025-07-23 16:19:26","2025-07-23 16:19:26"
272,Plateaux,Est-Mono,"Est-Mono 2",Badin-Copé,"Pharmacie du Dispensaire de Modokoute","Pharmacie de centre de santé",Public,"{Lundi,Mardi,Mercredi,Jeudi,Samedi,Vendredi}",2012,,,geometry,Point,1.55061045,8.24664854,_mview_sant_pharmacies.fid-7111a9c0_193dca6021d_35f9,1,"2025-07-23 16:19:26","2025-07-23 16:19:26"
273,Centrale,Tchaoudjo,"Tchaoudjo 1",Kpangalam,"Pharmacie de l'Infirmerie Aleheri","Pharmacie de centre de santé",Prive,"{Lundi,Mardi,Mercredi,Vendredi,Samedi}",2021,,,geometry,Point,1.146243,9.02967277,_mview_sant_pharmacies.fid-7111a9c0_193dca6021d_3606,1,"2025-07-23 16:19:26","2025-07-23 16:19:26"
274,Kara,Kozah,"Kozah 1","Commune De Kara","Pharmacie du CMS AED Lidaw","Pharmacie de centre de santé",Prive,"{Lundi,Mardi,Mercredi,Jeudi,Vendredi,Samedi}",2005,,,geometry,Point,1.17124345,9.5443517,_mview_sant_pharmacies.fid-7111a9c0_193dca6021d_3608,1,"2025-07-23 16:19:26","2025-07-23 16:19:26"
275,Maritime,Yoto,"Yoto 1",Kouvé,"Pharmacie du CMS Kouvé","Pharmacie de centre de santé",Public,"{Vendredi,Jeudi,Mercredi,Mardi,Lundi}",1945,,,geometry,Point,1.41336584,6.66251892,_mview_sant_pharmacies.fid-7111a9c0_193dca6021d_360c,1,"2025-07-23 16:19:26","2025-07-23 16:19:26"
276,Savanes,Tône,"Tône 2",Nanergou,"Pharmacie de l'USP Nanergou","Pharmacie de centre de santé",Public,"{Lundi,Mardi,Mercredi,Jeudi,Vendredi}",1983,,,geometry,Point,0.14934837,10.9121349,_mview_sant_pharmacies.fid-7111a9c0_193dca6021d_360e,1,"2025-07-23 16:19:26","2025-07-23 16:19:26"
277,Maritime,Lacs,"Lacs 4",Fiata,"Pharmacie du Centre de Santé Ebba","Pharmacie de centre de santé",Prive,"{Lundi,Mardi,Mercredi,Jeudi,Vendredi,Samedi}",2009,,,geometry,Point,1.64674715,6.29333126,_mview_sant_pharmacies.fid-7111a9c0_193dca6021d_3617,1,"2025-07-23 16:19:26","2025-07-23 16:19:26"
278,Plateaux,Kpélé,"Kpélé 1",Kpélé-Novivé,"Pharmacie du CMS Jehovah Jire","Pharmacie de centre de santé",Prive,"{Lundi,Mardi,Mercredi,Jeudi,Vendredi,Samedi}",Nsp,,,geometry,Point,0.74231485,7.11952195,_mview_sant_pharmacies.fid-7111a9c0_193dca6021d_3619,1,"2025-07-23 16:19:26","2025-07-23 16:19:26"
280,Maritime,Golfe,"Golfe 5",Aflao-Gakli,"Pharmacie du CMS la Confiance","Pharmacie de centre de santé",Prive,"{Lundi,Mardi,Mercredi,Jeudi,Vendredi}",Nsp,,,geometry,Point,1.19418138,6.17559388,_mview_sant_pharmacies.fid-7111a9c0_193dca6021d_3625,1,"2025-07-23 16:19:26","2025-07-23 16:19:26"
281,Centrale,Sotouboua,"Sotouboua 2",Adjengré,"Pharmacie la Fonte Di Maria","Officine de pharmacie",Prive,"{Samedi,Vendredi,Jeudi,Mercredi,Mardi,Lundi}",2019,,,geometry,Point,1.02057757,8.64968951,_mview_sant_pharmacies.fid-7111a9c0_193dca6021d_362b,1,"2025-07-23 16:19:26","2025-07-23 16:19:26"
283,Plateaux,Agou,"Agou 1",Agou-Tavié,"Pharmacie du Dispensaire Notre Dame des Apôtres","Pharmacie de centre de santé",Autre,"{Lundi,Mardi,Mercredi,Jeudi,Vendredi}",2007,,,geometry,Point,0.71541492,6.8402942,_mview_sant_pharmacies.fid-7111a9c0_193dca6021d_3631,1,"2025-07-23 16:19:26","2025-07-23 16:19:26"
284,Kara,Bassar,"Bassar 1",Bassar,"Pharmacie du CPH Gadel","Pharmacie de centre de santé",Public,"{Lundi,Mardi,Mercredi,Jeudi,Vendredi}",2014,,,geometry,Point,0.76891886,9.26109258,_mview_sant_pharmacies.fid-7111a9c0_193dca6021d_3632,1,"2025-07-23 16:19:26","2025-07-23 16:19:26"
285,Maritime,Lacs,"Lacs 3",Agbodrafo,"Pharmacie de l'USP Djassémé","Pharmacie de centre de santé",Public,"{Lundi,Mardi,Mercredi,Jeudi,Vendredi,Samedi}",Nsp,,,geometry,Point,1.49258273,6.22228297,_mview_sant_pharmacies.fid-7111a9c0_193dca6021d_3635,1,"2025-07-23 16:19:26","2025-07-23 16:19:26"
286,Plateaux,Agou,"Agou 1",Agou-Nyogbo-Dzidjole,"Pharmacie de l'Hopital Bethesda","Pharmacie de centre de santé",Prive,"{Samedi,Jeudi,Mercredi,Mardi,Lundi}",1969,,,geometry,Point,0.72632735,6.88317119,_mview_sant_pharmacies.fid-7111a9c0_193dca6021d_3637,1,"2025-07-23 16:19:26","2025-07-23 16:19:26"
287,Maritime,Bas-Mono,"Bas-Mono 1",Kpétsou,"Pharmacie de l'USP Kpetsou","Pharmacie de centre de santé",Public,"{Lundi,Mardi,Mercredi,Jeudi,Vendredi,Samedi}",1998,,,geometry,Point,1.57733117,6.52237863,_mview_sant_pharmacies.fid-7111a9c0_193dca6021d_363c,1,"2025-07-23 16:19:26","2025-07-23 16:19:26"
288,Maritime,Lacs,"Lacs 4",Anfoin,"Pharmacie du CMS Anfoin","Pharmacie de centre de santé",Public,"{Vendredi,Jeudi,Mercredi,Mardi,Lundi}",Nsp,,,geometry,Point,1.61295649,6.32657901,_mview_sant_pharmacies.fid-7111a9c0_193dca6021d_363d,1,"2025-07-23 16:19:26","2025-07-23 16:19:26"
289,Kara,Doufelgou,"Doufelgou 2",Défalé,"Pharmacie du CSH Défalé","Pharmacie de centre de santé",Autre,"{Lundi,Mardi,Mercredi,Jeudi,Vendredi}",1998,,,geometry,Point,1.09358569,9.86629627,_mview_sant_pharmacies.fid-7111a9c0_193dca6021d_3644,1,"2025-07-23 16:19:26","2025-07-23 16:19:26"
290,Centrale,Tchaoudjo,"Tchaoudjo 1",Kpangalam,"Pharmacie du CM Puits de Jacob","Pharmacie de centre de santé",Autre,"{Lundi,Mardi,Mercredi,Jeudi,Vendredi,Samedi}",2009,,,geometry,Point,1.13813929,9.01441866,_mview_sant_pharmacies.fid-7111a9c0_193dca6021d_3645,1,"2025-07-23 16:19:26","2025-07-23 16:19:26"
291,Maritime,Vo,"Vo 2",Anyron-Kopé,"Pharmacie de l'USP Keta-akoda","Pharmacie de centre de santé",Public,"{Lundi,Mardi,Mercredi,Jeudi,Vendredi,Samedi}",2018,,,geometry,Point,1.55573158,6.24653317,_mview_sant_pharmacies.fid-7111a9c0_193dca6021d_364b,1,"2025-07-23 16:19:26","2025-07-23 16:19:26"
292,Kara,Assoli,"Assoli 1",Bafilo,"Pharmacie du CMS Alafia","Pharmacie de centre de santé",Prive,"{Lundi,Mardi,Mercredi,Jeudi,Vendredi,Samedi}",2018,,,geometry,Point,1.24323092,9.35264649,_mview_sant_pharmacies.fid-7111a9c0_193dca6021d_364f,1,"2025-07-23 16:19:26","2025-07-23 16:19:26"
293,Maritime,Vo,"Vo 4",Akoumapé,"Pharmacie de l'USP Amza de Djakpleme","Pharmacie de centre de santé",Public,"{Lundi,Samedi,Vendredi,Jeudi,Mercredi,Mardi}",2021,,,geometry,Point,1.44118519,6.36145261,_mview_sant_pharmacies.fid-7111a9c0_193dca6021d_3657,1,"2025-07-23 16:19:26","2025-07-23 16:19:26"
294,Kara,Kozah,"Kozah 1","Commune De Kara","Pharmacie de l'Infirmerie AFASA","Pharmacie de centre de santé",Prive,"{Lundi,Mardi,Mercredi,Jeudi,Vendredi}",Nsp,,,geometry,Point,1.18858478,9.54158141,_mview_sant_pharmacies.fid-7111a9c0_193dca6021d_3658,1,"2025-07-23 16:19:26","2025-07-23 16:19:26"
295,Maritime,Lacs,"Lacs 4",Fiata,"Pharmacie du CMS St Gaetan De Fiata","Pharmacie de centre de santé",Autre,"{Lundi,Mardi,Mercredi,Jeudi,Vendredi,Samedi}",1995,,,geometry,Point,1.64058623,6.32508481,_mview_sant_pharmacies.fid-7111a9c0_193dca6021d_365a,1,"2025-07-23 16:19:26","2025-07-23 16:19:26"
296,Plateaux,Est-Mono,"Est-Mono 2",Kamina,"Pharmacie de l'USP Ogou Kinko","Pharmacie de centre de santé",Public,"{Lundi,Mardi,Mercredi,Jeudi,Vendredi,Samedi}",1996,,,geometry,Point,1.4845035,8.03825398,_mview_sant_pharmacies.fid-7111a9c0_193dca6021d_365e,1,"2025-07-23 16:19:26","2025-07-23 16:19:26"
297,Kara,Kozah,"Kozah 1","Commune De Kara","Pharmacie du CMS Santé Pour Tous Don Bosco","Pharmacie de centre de santé",Autre,"{Lundi,Mardi,Mercredi,Jeudi,Vendredi,Samedi}",1991,,,geometry,Point,1.18705801,9.53196896,_mview_sant_pharmacies.fid-7111a9c0_193dca6021d_3667,1,"2025-07-23 16:19:26","2025-07-23 16:19:26"
299,Maritime,Vo,"Vo 2",Anyron-Kopé,"Pharmacie de l'USP Kouenou","Pharmacie de centre de santé",Public,"{Lundi,Mardi,Mercredi,Vendredi,Jeudi,Samedi}",2021,,,geometry,Point,1.57205017,6.24750668,_mview_sant_pharmacies.fid-7111a9c0_193dca6021d_366d,1,"2025-07-23 16:19:26","2025-07-23 16:19:26"
300,Plateaux,Agou,"Agou 2",Amoussou-Kopé,"Pharmacie du CMS NDA Amoussoukopé","Pharmacie de centre de santé",Autre,"{Lundi,Mardi,Mercredi,Jeudi,Vendredi}",2017,,,geometry,Point,0.8440116,6.65411542,_mview_sant_pharmacies.fid-7111a9c0_193dca6021d_3675,1,"2025-07-23 16:19:26","2025-07-23 16:19:26"
301,Kara,Bassar,"Bassar 2",Dimori,"Pharmacie de l'USP Dimori","Pharmacie de centre de santé",Public,"{Mardi,Mercredi,Jeudi,Vendredi,Samedi,Dimanche}",2018,,,geometry,Point,0.59638297,9.20343626,_mview_sant_pharmacies.fid-7111a9c0_193dca6021d_3680,1,"2025-07-23 16:19:26","2025-07-23 16:19:26"
302,Kara,Binah,"Binah 1",Solla,"Pharmacie de l'USP Solla","Pharmacie de centre de santé",Public,"{Samedi,Vendredi,Jeudi,Mercredi,Mardi,Lundi}",Nsp,,,geometry,Point,1.34653186,9.89161451,_mview_sant_pharmacies.fid-7111a9c0_193dca6021d_3684,1,"2025-07-23 16:19:26","2025-07-23 16:19:26"
303,Plateaux,Amou,"Amou 3",Okpahoé,"Pharmacie de l'USP Okpahoue","Pharmacie de centre de santé",Public,"{Mardi,Mercredi,Jeudi,Vendredi,Samedi,Dimanche}",Nsp,,,geometry,Point,1.01763952,7.61380531,_mview_sant_pharmacies.fid-7111a9c0_193dca6021d_3685,1,"2025-07-23 16:19:26","2025-07-23 16:19:26"
304,Kara,Doufelgou,"Doufelgou 3",Kadjalla,"Pharmacie de l'USP Kadjala","Pharmacie de centre de santé",Public,"{Mercredi,Jeudi,Vendredi,Samedi,Dimanche}",1962,,,geometry,Point,0.97428962,9.80510026,_mview_sant_pharmacies.fid-7111a9c0_193dca6021d_368d,1,"2025-07-23 16:19:26","2025-07-23 16:19:26"
305,Maritime,Zio,"Zio 1",Davié,"Pharmacie du CMS Davié","Pharmacie de centre de santé",Public,"{Lundi,Mardi,Mercredi,Jeudi,Vendredi}",2010,,,geometry,Point,1.19974974,6.39024806,_mview_sant_pharmacies.fid-7111a9c0_193dca6021d_368e,1,"2025-07-23 16:19:26","2025-07-23 16:19:26"
306,Maritime,Avé,"Avé 2",Noépé,"Pharmacie du Cabinet de Soins Infirmiers Esperance","Pharmacie de centre de santé",Prive,"{Lundi,Mardi,Mercredi,Jeudi,Vendredi,Samedi}",2018,,,geometry,Point,1.035055,6.26161404,_mview_sant_pharmacies.fid-7111a9c0_193dca6021d_3690,1,"2025-07-23 16:19:26","2025-07-23 16:19:26"
307,Centrale,Sotouboua,"Sotouboua 3",Tchébébé,"Pharmacie de l'USP Hezoude","Pharmacie de centre de santé",Public,"{Dimanche,Samedi,Vendredi,Jeudi,Mercredi,Lundi}",1999,,,geometry,Point,0.90762264,8.43731297,_mview_sant_pharmacies.fid-7111a9c0_193dca6021d_3691,1,"2025-07-23 16:19:26","2025-07-23 16:19:26"
308,Plateaux,Kloto,"Kloto 1",Kpadapé,"Pharmacie du CMS Kpadakpe","Pharmacie de centre de santé",Public,"{Lundi,Mardi,Mercredi,Jeudi,Vendredi}",Nsp,,,geometry,Point,0.59176323,6.84122801,_mview_sant_pharmacies.fid-7111a9c0_193dca6021d_3694,1,"2025-07-23 16:19:26","2025-07-23 16:19:26"
309,Plateaux,Danyi,"Danyi 1",Danyi-Atigba,"Pharmacie de l'USP Danyi Atigba","Pharmacie de centre de santé",Public,"{Lundi,Mardi,Mercredi,Jeudi,Vendredi}",Nsp,,,geometry,Point,0.69274059,7.15335224,_mview_sant_pharmacies.fid-7111a9c0_193dca6021d_3695,1,"2025-07-23 16:19:26","2025-07-23 16:19:26"
310,Plateaux,Wawa,"Wawa 1",Badou,"Pharmacie de l'USP Anonoe","Pharmacie de centre de santé",Public,"{Lundi,Mardi,Mercredi,Jeudi,Vendredi}",1992,,,geometry,Point,0.60278874,7.56221488,_mview_sant_pharmacies.fid-7111a9c0_193dca6021d_369e,1,"2025-07-23 16:19:26","2025-07-23 16:19:26"
312,Savanes,Tône,"Tône 1",Dapaong,"Pharmacie du CMS Dapankperhou","Pharmacie de centre de santé",Public,"{Lundi,Mardi,Mercredi,Jeudi,Vendredi,Samedi}",2014,,,geometry,Point,0.21911395,10.83394213,_mview_sant_pharmacies.fid-7111a9c0_193dca6021d_36ac,1,"2025-07-23 16:19:26","2025-07-23 16:19:26"
313,Centrale,Tchaoudjo,"Tchaoudjo 1","Sokodè (Komah)","Pharmacie du CMS Daroul Cour An","Pharmacie de centre de santé",Autre,"{Lundi,Mardi,Mercredi,Jeudi,Vendredi,Samedi}",2022,,,geometry,Point,1.16954147,8.97580515,_mview_sant_pharmacies.fid-7111a9c0_193dca6021d_36ad,1,"2025-07-23 16:19:26","2025-07-23 16:19:26"
314,Plateaux,Danyi,"Danyi 2",Danyi-Elavagnon,"Pharmacie du CMS Danyi Elavanyo","Pharmacie de centre de santé",Public,"{Lundi,Mardi,Mercredi,Jeudi,Vendredi}",1979,,,geometry,Point,0.71408186,7.28719929,_mview_sant_pharmacies.fid-7111a9c0_193dca6021d_36ae,1,"2025-07-23 16:19:26","2025-07-23 16:19:26"
315,Maritime,Zio,"Zio 1",Kpomé,"Pharmacie de l'USP Kpome Akadjame","Pharmacie de centre de santé",Public,"{Lundi,Mardi,Mercredi,Jeudi,Vendredi,Samedi}",Nsp,,,geometry,Point,1.33529824,6.3291974,_mview_sant_pharmacies.fid-7111a9c0_193dca6021d_36b2,1,"2025-07-23 16:19:26","2025-07-23 16:19:26"
316,Savanes,Tône,"Tône 1",Dapaong,"Pharmacie de l'USP El-sahaba","Pharmacie de centre de santé",Autre,"{Lundi,Mardi,Mercredi,Jeudi,Vendredi}",2008,,,geometry,Point,0.22471585,10.8754194,_mview_sant_pharmacies.fid-7111a9c0_193dca6021d_36bd,1,"2025-07-23 16:19:26","2025-07-23 16:19:26"
317,Plateaux,Wawa,"Wawa 3",Okou,"Pharmacie de l'USP Okou","Pharmacie de centre de santé",Public,"{Lundi,Mardi,Mercredi,Jeudi,Vendredi}",1966,,,geometry,Point,0.85265687,7.56880347,_mview_sant_pharmacies.fid-7111a9c0_193dca6021d_36c0,1,"2025-07-23 16:19:26","2025-07-23 16:19:26"
318,Plateaux,Kloto,"Kloto 1",Agome-Kpalime,"Pharmacie du CMS Notre Dame de la Miséricorde","Pharmacie de centre de santé",Autre,"{Lundi,Mardi,Mercredi,Jeudi,Vendredi,Samedi}",2006,,,geometry,Point,0.63620395,6.94157481,_mview_sant_pharmacies.fid-7111a9c0_193dca6021d_36c2,1,"2025-07-23 16:19:26","2025-07-23 16:19:26"
319,Plateaux,Wawa,"Wawa 1",Tomégbé,"Pharmacie de l'USP Tomegbé","Pharmacie de centre de santé",Public,"{Lundi,Mardi,Mercredi,Jeudi,Vendredi}",2006,,,geometry,Point,0.60627566,7.51288002,_mview_sant_pharmacies.fid-7111a9c0_193dca6021d_36c3,1,"2025-07-23 16:19:26","2025-07-23 16:19:26"
320,Maritime,Vo,"Vo 2",Togoville,"Pharmacie de l'USP Agbantokope","Pharmacie de centre de santé",Public,"{Lundi,Mardi,Mercredi,Jeudi,Vendredi}",1996,,,geometry,Point,1.5306413,6.24145585,_mview_sant_pharmacies.fid-7111a9c0_193dca6021d_36c8,1,"2025-07-23 16:19:26","2025-07-23 16:19:26"
321,Kara,Doufelgou,"Doufelgou 2",Défalé,"Pharmacie du CMS Défalé","Pharmacie de centre de santé",Prive,"{Lundi,Mardi,Mercredi,Jeudi,Vendredi,Samedi}",Nsp,,,geometry,Point,1.09081658,9.86519059,_mview_sant_pharmacies.fid-7111a9c0_193dca6021d_36c9,1,"2025-07-23 16:19:26","2025-07-23 16:19:26"
322,Centrale,Tchaoudjo,"Tchaoudjo 2",Lama-Tessi,"Pharmacie de l'USP Yao Kopé","Pharmacie de centre de santé",Prive,"{Lundi,Mardi,Mercredi,Jeudi,Vendredi,Samedi}",1991,,,geometry,Point,1.07374226,8.86822662,_mview_sant_pharmacies.fid-7111a9c0_193dca6021d_36cb,1,"2025-07-23 16:19:26","2025-07-23 16:19:26"
323,Maritime,Lacs,"Lacs 2",Agouégan,"Pharmacie de l'USP Djeta","Pharmacie de centre de santé",Public,"{Vendredi,Jeudi,Mercredi,Mardi,Lundi,Samedi}",Nsp,,,geometry,Point,1.73416726,6.26927,_mview_sant_pharmacies.fid-7111a9c0_193dca6021d_36cc,1,"2025-07-23 16:19:26","2025-07-23 16:19:26"
325,Plateaux,Wawa,"Wawa 3",Ounabé,"Pharmacie de l'USP Ounabe","Pharmacie de centre de santé",Public,"{Lundi,Mardi,Mercredi,Jeudi,Vendredi,Samedi}",1981,,,geometry,Point,0.97569891,7.55856831,_mview_sant_pharmacies.fid-7111a9c0_193dca6021d_36d0,1,"2025-07-23 16:19:26","2025-07-23 16:19:26"
326,Plateaux,Amou,"Amou 2",Amou-Oblo,"Pharmacie de l'USP Patatoukou","Pharmacie de centre de santé",Public,"{Lundi,Mardi,Mercredi,Jeudi,Samedi,Dimanche}",Nsp,,,geometry,Point,0.85095,7.34986049,_mview_sant_pharmacies.fid-7111a9c0_193dca6021d_36d3,1,"2025-07-23 16:19:26","2025-07-23 16:19:26"
327,Plateaux,Wawa,"Wawa 3",Okou,"Pharmacie de l'USP Bena Plateau","Pharmacie de centre de santé",Public,"{Mardi,Mercredi,Jeudi,Vendredi}",1993,,,geometry,Point,0.91114958,7.54231278,_mview_sant_pharmacies.fid-7111a9c0_193dca6021d_36e4,1,"2025-07-23 16:19:26","2025-07-23 16:19:26"
328,Maritime,Bas-Mono,"Bas-Mono 2",Agome-Glozou,"Pharmacie de l'USP Agome-glozou","Pharmacie de centre de santé",Public,"{Lundi,Mardi,Mercredi,Jeudi,Vendredi,Samedi}",2017,,,geometry,Point,1.66521102,6.55842105,_mview_sant_pharmacies.fid-7111a9c0_193dca6021d_36e7,1,"2025-07-23 16:19:26","2025-07-23 16:19:26"
329,Centrale,Tchaoudjo,"Tchaoudjo 1","Sokodè (Komah)","Pharmacie du CMS Kossobio","Pharmacie de centre de santé",Prive,"{Lundi,Mardi,Mercredi,Samedi,Vendredi,Jeudi}",2000,,,geometry,Point,1.14021628,8.992564,_mview_sant_pharmacies.fid-7111a9c0_193dca6021d_36e8,1,"2025-07-23 16:19:26","2025-07-23 16:19:26"
330,Plateaux,Ogou,"Ogou 3",Gléi,"Pharmacie le Salut","Pharmacie de centre de santé",Prive,"{Lundi,Mardi,Mercredi,Jeudi,Vendredi,Samedi}",2007,,,geometry,Point,1.16341531,7.31364426,_mview_sant_pharmacies.fid-7111a9c0_193dca6021d_36f2,1,"2025-07-23 16:19:26","2025-07-23 16:19:26"
331,Plateaux,Est-Mono,"Est-Mono 1",Gbadjahè,"Pharmacie de l'USP Awayo","Pharmacie de centre de santé",Public,"{Lundi,Mardi,Mercredi,Jeudi,Vendredi}",2000,,,geometry,Point,1.37640901,7.84467141,_mview_sant_pharmacies.fid-7111a9c0_193dca6021d_36fe,1,"2025-07-23 16:19:26","2025-07-23 16:19:26"
332,Kara,Kozah,"Kozah 1","Commune De Kara","Pharmacie de la Clinique Tout est Grace","Pharmacie de centre de santé",Prive,"{Lundi,Mardi,Mercredi,Jeudi,Vendredi,Samedi}",2011,,,geometry,Point,1.20371631,9.55203461,_mview_sant_pharmacies.fid-7111a9c0_193dca6021d_3701,1,"2025-07-23 16:19:26","2025-07-23 16:19:26"
334,Plateaux,Kloto,"Kloto 1",Agome-Kpalime,"Pharmacie de l'OCDI","Pharmacie de centre de santé",Public,"{Samedi,Vendredi,Jeudi,Mercredi,Mardi,Lundi}",2003,,,geometry,Point,0.64171389,6.90623259,_mview_sant_pharmacies.fid-7111a9c0_193dca6021d_3708,1,"2025-07-23 16:19:26","2025-07-23 16:19:26"
337,Savanes,Tône,"Tône 1",Dapaong,"Pharmacie du CMS Koutong-Bong","Pharmacie de centre de santé",Public,"{Lundi,Mardi,Mercredi,Jeudi,Vendredi,Samedi}",2014,,,geometry,Point,0.22388389,10.89158604,_mview_sant_pharmacies.fid-7111a9c0_193dca6021d_3711,1,"2025-07-23 16:19:26","2025-07-23 16:19:26"
338,Kara,Binah,"Binah 2",Sirka,"Pharmacie de l'USP N'djei","Pharmacie de centre de santé",Public,"{Lundi,Mardi,Mercredi,Jeudi,Vendredi}",2008,,,geometry,Point,1.35188533,9.50956298,_mview_sant_pharmacies.fid-7111a9c0_193dca6021d_3717,1,"2025-07-23 16:19:26","2025-07-23 16:19:26"
339,Plateaux,Wawa,"Wawa 3",Zogbégan,"Pharmacie de l'USP Benali","Pharmacie de centre de santé",Public,"{Lundi,Mardi,Mercredi,Jeudi,Vendredi}",Nsp,,,geometry,Point,0.7269522,7.57767034,_mview_sant_pharmacies.fid-7111a9c0_193dca6021d_371a,1,"2025-07-23 16:19:26","2025-07-23 16:19:26"
340,Centrale,Tchaoudjo,"Tchaoudjo 1","Sokodè (Komah)","Pharmacie du CMS ATBEF Sokodé","Pharmacie de centre de santé",Prive,"{Lundi,Mardi,Mercredi,Jeudi,Vendredi}",2021,,,geometry,Point,1.13722706,8.98805748,_mview_sant_pharmacies.fid-7111a9c0_193dca6021d_371b,1,"2025-07-23 16:19:26","2025-07-23 16:19:26"
341,Centrale,Tchaoudjo,"Tchaoudjo 1","Sokodè (Komah)","Pharmacie du Dispensaire du Centre El Farouk","Pharmacie de centre de santé",Prive,"{Lundi,Mardi,Mercredi,Jeudi,Vendredi}",2012,,,geometry,Point,1.17193703,8.970767,_mview_sant_pharmacies.fid-7111a9c0_193dca6021d_3721,1,"2025-07-23 16:19:26","2025-07-23 16:19:26"
343,Maritime,Zio,"Zio 3",Agbélouvé,"Pharmacie de l'USP Gamé Lili","Pharmacie de centre de santé",Public,"{Lundi,Mardi,Mercredi,Jeudi,Vendredi,Samedi}",1992,,,geometry,Point,1.08735644,6.69497229,_mview_sant_pharmacies.fid-7111a9c0_193dca6021d_372b,1,"2025-07-23 16:19:26","2025-07-23 16:19:26"
344,Plateaux,Agou,"Agou 1",Agou-Nyogbo-Dzidjole,"Pharmacie de l'USP Agou Nyogbo","Pharmacie de centre de santé",Public,"{Lundi,Mardi,Mercredi,Jeudi,Vendredi}",Nsp,,,geometry,Point,0.72515837,6.88055013,_mview_sant_pharmacies.fid-7111a9c0_193dca6021d_3732,1,"2025-07-23 16:19:26","2025-07-23 16:19:26"
345,Plateaux,Haho,"Haho 2",Djemegni,"Pharmacie de l'USP Kponou","Pharmacie de centre de santé",Public,"{Lundi,Mardi,Mercredi,Jeudi,Vendredi}",Nsp,,,geometry,Point,1.33425269,6.99512694,_mview_sant_pharmacies.fid-7111a9c0_193dca6021d_3739,1,"2025-07-23 16:19:26","2025-07-23 16:19:26"
346,Plateaux,Wawa,"Wawa 3",Ounabé,"Pharmacie de l'USP Imoussa","Pharmacie de centre de santé",Public,"{Lundi,Mardi,Mercredi,Jeudi,Vendredi}",1987,,,geometry,Point,0.93864627,7.55824027,_mview_sant_pharmacies.fid-7111a9c0_193dca6021d_373c,1,"2025-07-23 16:19:26","2025-07-23 16:19:26"
347,Maritime,Lacs,"Lacs 1",Glidji,"Pharmacie de l'USP Glidji","Pharmacie de centre de santé",Public,"{Lundi,Mardi,Mercredi,Jeudi,Vendredi}",1968,,,geometry,Point,1.60087348,6.24945739,_mview_sant_pharmacies.fid-7111a9c0_193dca6021d_3742,1,"2025-07-23 16:19:26","2025-07-23 16:19:26"
348,Plateaux,Amou,"Amou 2",Sodo,"Pharmacie du CMS Siloah de Sodo","Pharmacie de centre de santé",Public,"{Mardi,Mercredi,Jeudi,Vendredi,Samedi,Dimanche}",1986,,,geometry,Point,0.81566414,7.3131424,_mview_sant_pharmacies.fid-7111a9c0_193dca6021d_3747,1,"2025-07-23 16:19:26","2025-07-23 16:19:26"
349,Plateaux,Wawa,"Wawa 1",Késsibo,"Pharmacie de l'USP Kessibo Abrewenkor","Pharmacie de centre de santé",Public,"{Vendredi,Jeudi,Mercredi,Mardi,Lundi}",1985,,,geometry,Point,0.60792175,7.61225456,_mview_sant_pharmacies.fid-7111a9c0_193dca6021d_3751,1,"2025-07-23 16:19:26","2025-07-23 16:19:26"
351,Maritime,Zio,"Zio 1",Dalavé,"Pharmacie du Dispensaire St Pierre et Colette","Pharmacie de centre de santé",Prive,"{Lundi,Mardi,Mercredi,Jeudi,Vendredi,Samedi}",Nsp,,,geometry,Point,1.23258417,6.36241506,_mview_sant_pharmacies.fid-7111a9c0_193dca6021d_3756,1,"2025-07-23 16:19:26","2025-07-23 16:19:26"
353,Plateaux,Wawa,"Wawa 1",Badou,"Pharmacie de l'USP Badou Djindi","Pharmacie de centre de santé",Public,"{Lundi,Mardi,Mercredi,Jeudi,Vendredi,Samedi}",2006,,,geometry,Point,0.53836044,7.58083846,_mview_sant_pharmacies.fid-7111a9c0_193dca6021d_375d,1,"2025-07-23 16:19:26","2025-07-23 16:19:26"
354,Plateaux,Anié,"Anié 1",Anié,"Pharmacie du CMS Bethel","Pharmacie de centre de santé",Prive,"{Lundi,Mardi,Mercredi,Jeudi,Vendredi,Samedi}",2006,,,geometry,Point,1.19705607,7.7630391,_mview_sant_pharmacies.fid-7111a9c0_193dca6021d_3766,1,"2025-07-23 16:19:26","2025-07-23 16:19:26"
355,Plateaux,Amou,"Amou 3",Avédjè,"Pharmacie de l'USP Avedje","Pharmacie de centre de santé",Public,"{Lundi,Mardi,Mercredi,Jeudi,Vendredi,Samedi}",Nsp,,,geometry,Point,1.13494475,7.46532833,_mview_sant_pharmacies.fid-7111a9c0_193dca6021d_376a,1,"2025-07-23 16:19:26","2025-07-23 16:19:26"
356,Kara,Kéran,"Kéran 1",Akpontè,"Pharmacie de l'USP Natiponi","Pharmacie de centre de santé",Public,"{Lundi,Mercredi,Jeudi,Vendredi,Samedi,Dimanche}",2017,,,geometry,Point,0.94986571,10.18561607,_mview_sant_pharmacies.fid-7111a9c0_193dca6021d_3770,1,"2025-07-23 16:19:26","2025-07-23 16:19:26"
357,Maritime,Vo,"Vo 2",Togoville,"Pharmacie ISV","Officine de pharmacie",Prive,"{Vendredi,Jeudi,Mercredi,Mardi,Lundi}",2009,,,geometry,Point,1.47187143,6.23743522,_mview_sant_pharmacies.fid-7111a9c0_193dca6021d_3773,1,"2025-07-23 16:19:26","2025-07-23 16:19:26"
358,Plateaux,Kpélé,"Kpélé 2",Kpélé-Nord,"Pharmacie de l'USP Kpele Kpeglo","Pharmacie de centre de santé",Autre,"{Lundi,Mardi,Mercredi,Jeudi,Vendredi}",2018,,,geometry,Point,0.90803004,7.26360009,_mview_sant_pharmacies.fid-7111a9c0_193dca6021d_3774,1,"2025-07-23 16:19:26","2025-07-23 16:19:26"
359,Centrale,Tchaoudjo,"Tchaoudjo 1",Kpangalam,"Pharmacie du Cabinet Médical Docteur Wangala","Pharmacie de centre de santé",Prive,"{Lundi,Mardi,Mercredi,Jeudi,Vendredi,Samedi}",2021,,,geometry,Point,1.13781314,9.00923111,_mview_sant_pharmacies.fid-7111a9c0_193dca6021d_3776,1,"2025-07-23 16:19:26","2025-07-23 16:19:26"
360,Kara,Kozah,"Kozah 1",Lassa,"Pharmacie de l'USP Soumdina Haut","Pharmacie de centre de santé",Public,"{Lundi,Mardi,Mercredi,Jeudi,Vendredi}",1977,,,geometry,Point,1.21396515,9.65721109,_mview_sant_pharmacies.fid-7111a9c0_193dca6021d_3778,1,"2025-07-23 16:19:26","2025-07-23 16:19:26"
361,Plateaux,Agou,"Agou 1",Gadja,"Pharmacie de l'USP Avetonou","Pharmacie de centre de santé",Public,"{Lundi,Mardi,Mercredi,Jeudi,Vendredi}",1998,,,geometry,Point,0.79767391,6.7994505,_mview_sant_pharmacies.fid-7111a9c0_193dca6021d_377d,1,"2025-07-23 16:19:26","2025-07-23 16:19:26"
363,Maritime,Vo,"Vo 3",Dagbati,"Pharmacie de l'USP Apawohonou","Pharmacie de centre de santé",Prive,"{Lundi,Mardi,Mercredi,Jeudi,Vendredi}",2020,,,geometry,Point,1.51747547,6.40216229,_mview_sant_pharmacies.fid-7111a9c0_193dca6021d_3788,1,"2025-07-23 16:19:26","2025-07-23 16:19:26"
364,Maritime,Golfe,"Golfe 7",Aflao-Sagbado,"Pharmacie de l'ONG Aicha","Pharmacie de centre de santé",Prive,"{Samedi,Vendredi,Jeudi,Mercredi,Mardi,Lundi}",2021,,,geometry,Point,1.12018813,6.20004265,_mview_sant_pharmacies.fid-7111a9c0_193dca6021d_378c,1,"2025-07-23 16:19:26","2025-07-23 16:19:26"
365,Maritime,Agoè-Nyivé,"Agoè-Nyivé 5",Sanguera,"Pharmacie du CMS AMCT","Pharmacie de centre de santé",Prive,"{Lundi,Mardi,Jeudi,Vendredi,Samedi,Dimanche}",2020,,,geometry,Point,1.12241268,6.23675148,_mview_sant_pharmacies.fid-7111a9c0_193dca6021d_378d,1,"2025-07-23 16:19:26","2025-07-23 16:19:26"
366,Savanes,Tône,"Tône 1",Dapaong,"Pharmacie du Centre de Santé Mentale Yendube","Pharmacie de centre de santé",Prive,"{Lundi,Mardi,Mercredi,Jeudi,Vendredi,Samedi}",Nsp,,,geometry,Point,0.19939319,10.87506928,_mview_sant_pharmacies.fid-7111a9c0_193dca6021d_3796,1,"2025-07-23 16:19:26","2025-07-23 16:19:26"
367,Plateaux,Ogou,"Ogou 1",Gnagna,"Pharmacie de la Médecine Alternative et CMS Sauvons la Vie Humaine","Pharmacie de centre de santé",Prive,"{Lundi,Mardi,Mercredi,Jeudi,Samedi}",2013,,,geometry,Point,1.15511317,7.50173912,_mview_sant_pharmacies.fid-7111a9c0_193dca6021d_3797,1,"2025-07-23 16:19:26","2025-07-23 16:19:26"
368,Maritime,Agoè-Nyivé,"Agoè-Nyivé 4",Togblekope,"Pharmacie du CMP de Lomé","Pharmacie de centre de santé",Prive,"{Samedi,Vendredi,Jeudi,Mercredi,Mardi,Lundi}",2020,,,geometry,Point,1.20724241,6.26071254,_mview_sant_pharmacies.fid-7111a9c0_193dca6021d_379a,1,"2025-07-23 16:19:26","2025-07-23 16:19:26"
369,Maritime,Zio,"Zio 4",Gapé-Centre,"Pharmacie du CMS Saint-Paul","Pharmacie de centre de santé",Prive,"{Lundi,Mardi,Mercredi,Jeudi,Vendredi,Samedi}",2008,,,geometry,Point,0.99547212,6.58779727,_mview_sant_pharmacies.fid-7111a9c0_193dca6021d_379c,1,"2025-07-23 16:19:26","2025-07-23 16:19:26"
370,Maritime,Agoè-Nyivé,"Agoè-Nyivé 4",Togblekope,"Pharmacie du CMS Elite Sante","Pharmacie de centre de santé",Prive,"{Lundi,Mardi,Mercredi,Jeudi,Vendredi}",2020,,,geometry,Point,1.19544973,6.26803237,_mview_sant_pharmacies.fid-7111a9c0_193dca6021d_379e,1,"2025-07-23 16:19:26","2025-07-23 16:19:26"
371,Kara,Kozah,"Kozah 2",Pya,"Pharmacie du CMS Pya Pittah","Pharmacie de centre de santé",Public,"{Lundi,Mardi,Mercredi,Jeudi,Vendredi,Samedi}",2006,,,geometry,Point,1.16554111,9.67983379,_mview_sant_pharmacies.fid-7111a9c0_193dca6021d_379f,1,"2025-07-23 16:19:26","2025-07-23 16:19:26"
372,Plateaux,Danyi,"Danyi 2",Danyi-Elavagnon,"Pharmacie de l'USP Kpeve","Pharmacie de centre de santé",Public,"{Lundi,Mardi,Mercredi,Jeudi,Vendredi}",2021,,,geometry,Point,0.73669938,7.35284691,_mview_sant_pharmacies.fid-7111a9c0_193dca6021d_37a1,1,"2025-07-23 16:19:26","2025-07-23 16:19:26"
373,Plateaux,Danyi,"Danyi 2",Danyi-Kpeto-Evita,"Phamarcie de l'USP Kpeto","Pharmacie de centre de santé",Public,"{Lundi,Mercredi,Mardi,Jeudi,Vendredi}",2004,,,geometry,Point,0.74295351,7.26099853,_mview_sant_pharmacies.fid-7111a9c0_193dca6021d_37a4,1,"2025-07-23 16:19:26","2025-07-23 16:19:26"
374,Plateaux,Danyi,"Danyi 2",Danyi-Elavagnon,"Pharmacie de l'Infirmerie St Kisito","Pharmacie de centre de santé",Prive,"{Lundi,Mardi,Mercredi,Jeudi,Vendredi}",Nsp,,,geometry,Point,0.70796039,7.27741479,_mview_sant_pharmacies.fid-7111a9c0_193dca6021d_37a8,1,"2025-07-23 16:19:26","2025-07-23 16:19:26"
375,Plateaux,Wawa,"Wawa 1",Késsibo,"Pharmacie de l'USP Kessibo Wawa","Pharmacie de centre de santé",Public,"{Lundi,Mardi,Mercredi,Jeudi,Vendredi,Samedi}",1993,,,geometry,Point,0.58902983,7.6827503,_mview_sant_pharmacies.fid-7111a9c0_193dca6021d_37b2,1,"2025-07-23 16:19:26","2025-07-23 16:19:26"
376,Maritime,Agoè-Nyivé,"Agoè-Nyivé 3",Vakpossito,"Pharmacie de la Clinique Eternel Guerit","Pharmacie de centre de santé",Prive,"{Lundi,Mardi,Mercredi,Jeudi,Vendredi,Samedi}",Nsp,,,geometry,Point,1.1747986,6.20775603,_mview_sant_pharmacies.fid-7111a9c0_193dca6021d_37b6,1,"2025-07-23 16:19:26","2025-07-23 16:19:26"
377,Centrale,Tchaoudjo,"Tchaoudjo 1","Sokodè (Komah)","Pharmacie du CMS Solinyogobou","Pharmacie de centre de santé",Prive,"{Lundi,Mardi,Mercredi,Jeudi,Vendredi,Samedi}",2001,,,geometry,Point,1.12635336,9.00124874,_mview_sant_pharmacies.fid-7111a9c0_193dca6021d_37b7,1,"2025-07-23 16:19:26","2025-07-23 16:19:26"
379,Plateaux,Wawa,"Wawa 1",Badou,"Pharmacie du Centre Ophtalmologique Havilolo Saint Jean XXIII","Pharmacie de centre de santé",Prive,"{Lundi,Mardi,Mercredi,Jeudi,Vendredi}",2021,,,geometry,Point,0.60750492,7.5962652,_mview_sant_pharmacies.fid-7111a9c0_193dca6021d_37c1,1,"2025-07-23 16:19:26","2025-07-23 16:19:26"
381,Plateaux,Wawa,"Wawa 2",Ekéto,"Pharmacie du Centre de Sante d'Eketo","Pharmacie de centre de santé",Public,"{Lundi,Mardi,Mercredi,Jeudi,Vendredi}",2010,,,geometry,Point,0.82892253,7.49670087,_mview_sant_pharmacies.fid-7111a9c0_193dca6021d_37c3,1,"2025-07-23 16:19:26","2025-07-23 16:19:26"
382,Savanes,Kpendjal-Ouest,"Kpendjal-Ouest 1",Ogaro,"Pharmacie Ndl","Pharmacie de centre de santé",Autre,"{Lundi,Mardi,Mercredi,Jeudi,Vendredi}",2002,,,geometry,Point,0.49811164,10.74282103,_mview_sant_pharmacies.fid-7111a9c0_193dca6021d_37d1,1,"2025-07-23 16:19:26","2025-07-23 16:19:26"
383,Savanes,Kpendjal-Ouest,"Kpendjal-Ouest 2",Tambonga,"Pharmacie du Dispensaire de Tamboaga","Pharmacie de centre de santé",Public,"{Lundi,Mardi,Mercredi,Jeudi,Vendredi,Samedi}",2000,,,geometry,Point,0.43474721,10.94976839,_mview_sant_pharmacies.fid-7111a9c0_193dca6021d_37d4,1,"2025-07-23 16:19:26","2025-07-23 16:19:26"
384,Maritime,Golfe,"Golfe 7",Aflao-Sagbado,"Pharmacie Communautaire du Centre ASPROFEM","Pharmacie de centre de santé",Autre,"{Lundi,Mardi,Mercredi,Jeudi,Vendredi,Samedi}",2002,,,geometry,Point,1.17793307,6.1751426,_mview_sant_pharmacies.fid-7111a9c0_193dca6021d_37dc,1,"2025-07-23 16:19:26","2025-07-23 16:19:26"
385,Maritime,Vo,"Vo 3",Dzrékpo,"Pharmacie de l'USP Dzrekpo","Pharmacie de centre de santé",Public,"{Lundi,Mardi,Mercredi,Jeudi,Vendredi}",1945,,,geometry,Point,1.56932708,6.47115304,_mview_sant_pharmacies.fid-7111a9c0_193dca6021d_37dd,1,"2025-07-23 16:19:26","2025-07-23 16:19:26"
